accession,label,cohort,11715103_x_at,11715110_at,11715111_s_at,11715113_x_at,11715114_x_at,11715122_at,11715124_s_at,11715125_at,11715126_s_at,11715129_s_at,11715132_x_at,11715135_s_at,11715137_s_at,11715138_s_at,11715140_s_at,11715146_x_at,11715150_s_at,11715155_s_at,11715156_s_at,11715159_at,11715168_s_at,11715173_s_at,11715174_s_at,11715175_x_at,11715178_s_at,11715182_x_at,11715184_x_at,11715189_s_at,11715193_s_at,11715196_s_at,11715198_s_at,11715199_s_at,11715200_s_at,11715201_s_at,11715202_s_at,11715204_x_at,11715207_at,11715209_s_at,11715212_x_at,11715218_s_at,11715221_x_at,11715224_s_at,11715225_s_at,11715230_s_at,11715231_x_at,11715232_x_at,11715235_x_at,11715237_s_at
GSM1602802,0,discovery,2.1067664,4.2556354,3.8238214,2.6157989,2.8811107,3.7150126,3.1609341,4.5444985,2.3350088,4.619074,2.2287916,2.9031119,2.0328119,3.740387,2.1540523,2.3801515,2.732274,2.918322,5.790559,7.8869515,2.1338918,3.5326627,2.6629622,4.2968615,5.1114828,2.8128227,8.6674943,11.241651,2.5493421,2.292294,2.5261656,2.3212803,2.0788906,2.8512656,3.0260034,2.2886852,4.8661708,6.6544831,5.3659828,5.2266201,4.4092368,2.186121,4.6107714,2.8230854,6.1791737,4.5999823,2.5511545,8.5179202
GSM1602803,0,discovery,2.4720093,3.6589617,4.0502647,3.0902043,2.8077857,2.9898908,3.2749752,3.8277718,2.4174671,4.7641077,2.1813056,2.9888009,2.4790169,3.5274364,2.2943879,2.2758612,3.2852131,3.1475228,5.8047438,8.4060012,2.1178606,3.6807478,2.8648968,3.8291235,5.3248431,3.0210696,8.1057412,11.317833,2.9030181,2.5171528,2.4304972,2.6604199,2.0480611,3.1184304,2.6542705,2.5529195,5.3177459,6.6129718,5.1110857,5.2600707,3.9990029,2.0580684,4.5446721,2.948543,5.8705228,3.8951963,2.3244382,8.3553962
GSM1602805,0,discovery,2.9463478,3.2956656,2.7302886,2.6490958,2.8904095,3.6240795,2.9818886,2.8882868,2.2543512,4.5857136,2.2005812,2.578971,2.6030599,3.6532961,2.2037232,2.5115201,2.9978352,3.4303997,5.9584355,7.99189,1.7657751,3.5919401,2.5702276,4.0406005,5.2495715,2.7274376,8.1271717,11.64886,2.5655083,2.6149041,2.8042477,1.9959193,2.9043237,2.8309645,2.5058671,2.1548656,4.620583,5.6486218,4.2341889,4.5383972,4.0969984,2.2671639,3.8826562,2.8531481,5.848776,4.1691521,2.6407854,8.4898004
GSM1602810,0,discovery,2.6657599,4.2987811,3.6509499,2.9024405,2.5864148,2.4444271,3.4039145,3.9250442,2.6350871,4.7918881,2.2041831,3.1223782,1.9657881,4.0849037,2.1246087,2.1189359,3.0206256,3.1089659,5.7883037,8.1356367,2.1527683,3.590466,2.625612,3.6602325,5.0935939,2.7247138,8.984076,11.397454,2.3625116,2.5843144,2.5655849,2.7672158,2.3310855,2.7915582,2.4656853,2.5015732,4.5947682,6.3108876,4.6212262,4.3896212,3.5711411,2.6419402,3.3538432,3.5536082,6.6079867,4.820516,2.9049609,8.6971246
GSM1602811,0,discovery,2.4529108,3.0056886,3.5163655,2.5828729,2.8854475,4.3931271,3.1863986,2.6181782,2.7586452,4.0565507,2.2484787,2.7753415,2.2742231,3.6348201,2.3491405,2.3110477,2.4915743,3.4260952,6.372055,8.3069154,2.1321747,3.9712977,3.2552417,3.7583169,5.4526259,2.735428,7.791248,11.908738,2.9572028,2.5805289,2.837983,2.3090097,2.447414,2.976471,2.2587989,2.2057197,5.8970024,6.408216,5.0203414,5.28497,3.4138236,2.1471629,4.3795799,3.2748412,4.9372741,3.6819426,2.0093613,5.5471581
GSM1602812,0,discovery,2.5134635,3.4809641,4.1687596,2.8399077,3.1449451,3.3902754,3.8195214,3.422825,2.3576644,4.294298,2.3221217,2.7137732,2.9280686,4.0702853,2.4709944,2.5532491,3.3439553,3.4408573,6.2351744,8.2024329,2.0149343,4.3254211,3.228199,4.2610777,5.6529889,2.7816198,8.4378333,11.575808,3.0217331,2.3611818,3.4717408,3.2298901,3.2466564,3.714003,2.5885346,1.9915217,5.2254092,6.4805568,4.8887032,4.3688311,3.7166541,2.0887563,4.2303143,2.3355397,5.6998678,4.6898783,2.5077558,7.4986086
GSM1602813,1,discovery,3.2281613,3.4271106,4.743036,3.0488169,3.0196849,3.2519165,4.3391334,2.5222633,3.0239848,3.8442349,3.369428,2.3559198,3.9371051,5.0955794,2.9527544,2.9548866,3.8967031,4.1727895,6.7034769,8.2162107,2.5515848,4.6113676,3.4088127,5.3006155,6.5229475,3.2455871,9.3800297,10.483774,3.8081461,3.3761097,4.112737,4.1023516,3.6418161,4.1669459,2.6683552,2.6661208,4.1553024,7.1305111,5.0596643,5.4442727,3.7413311,2.3054281,3.9657008,4.6057856,6.5031983,5.4185793,2.7921343,6.5144765
GSM1602815,0,discovery,2.141617,3.1778562,3.5336263,2.6624501,2.9496663,3.3585179,3.257001,2.8294293,2.2534439,4.3316977,2.4788945,2.6071447,2.4160559,3.5283562,2.2005478,2.2048967,2.8586306,3.0633341,6.0152379,8.3849132,2.2043793,3.4787823,2.6155543,3.9825661,5.6115057,2.9702846,7.6677834,11.519119,2.6856309,2.337589,2.7771384,2.7610886,2.5395008,2.8741757,2.6199482,2.5220826,4.1250653,6.0428134,4.9709841,4.1359229,4.4593566,2.5667043,4.4341422,3.5769227,6.5882207,4.3767414,2.9646779,7.9340382
GSM1602816,0,validation,3.0239935,3.0941152,4.1782325,2.7676004,3.2275548,3.0490169,3.398028,3.2032618,2.1956244,4.3965424,2.067778,2.4524853,3.0482523,4.3027951,2.4258312,2.2074032,3.1773655,2.8564185,6.3765309,7.250973,2.1943474,4.4275371,2.5119355,4.7731226,5.791401,2.9605639,8.6675355,11.319865,2.9656458,2.9610782,3.3626474,3.1600717,2.2628538,4.0535949,2.3861398,2.0289501,3.8306575,7.0525449,5.8552851,5.0418189,3.8479744,3.2310681,3.4914011,3.6517192,6.2157423,4.7648023,2.2317721,7.4394424
GSM1602818,0,validation,2.6560099,3.2075367,5.2080361,3.0741797,3.6400607,3.0020765,4.0272596,3.2758039,2.688055,4.4336692,2.2322358,2.9284717,3.0517343,4.9425003,2.8275514,2.231358,3.5221867,3.4403401,6.3736791,8.0171344,2.4380217,5.2437533,4.405573,4.875844,6.8573718,2.7214446,8.9342555,10.590969,4.2598164,3.4418548,3.5888325,4.2695391,3.887203,4.4959962,2.4652868,1.8982015,4.2099724,6.6623832,4.6840715,4.372702,4.0695451,3.2234258,3.6790142,3.5616307,5.5994116,5.4410886,2.5505485,7.6294821
GSM1602819,0,validation,2.593649,3.9328276,3.7052962,2.6377181,2.8128021,3.3594637,3.3592068,2.5530484,2.1661697,4.386593,1.9125051,2.58716,1.9707869,3.7902261,2.4161688,2.5090397,2.9265482,3.1107047,6.4905652,8.3736555,2.4289429,3.7672067,2.7429147,3.7171408,5.3514191,2.7571842,8.2800871,11.313249,3.4416166,2.5938088,2.9345465,2.6634812,2.3688252,2.6511119,2.2227893,2.4334498,5.8140447,6.4457918,4.9485029,5.7999043,4.0243602,2.5528042,4.7060231,3.008961,5.4436223,3.9052477,2.2158286,7.2159983
GSM1602820,0,discovery,2.7386078,3.3284951,4.7699022,3.1546369,3.0164192,3.5389133,3.7582083,3.2570835,2.9808799,4.1856876,2.1444371,2.7660776,2.7684467,4.5768769,2.6917181,2.5429429,3.4796927,4.4126981,6.4280565,7.7164411,2.3099204,4.3538995,3.0727087,4.2214335,5.9716362,2.8701236,8.6778675,11.370552,3.5540594,2.6457874,3.2472138,3.2458104,2.8018153,3.7531275,2.4616352,2.1224208,5.3969934,6.5735786,4.771352,5.28682,3.6523167,2.5000774,3.3030557,2.8846492,6.0441942,4.7316679,2.7096299,7.0220715
GSM1602823,1,validation,2.4507438,4.23153,4.6264933,3.4102406,3.0654258,3.9268762,4.0745291,2.9086354,2.9375529,4.3837306,2.5615801,3.2440383,3.4717719,4.5295075,2.6820131,2.8317144,3.4987648,3.2426772,6.5728236,7.7701827,2.2514851,4.5467157,3.309107,4.1766959,5.82028,2.8252485,8.0570158,11.109498,3.691368,3.3239529,3.6781265,3.2404299,3.1163412,3.6282032,1.9441211,2.6004801,5.5156276,7.5216848,6.0412675,6.0464375,4.7570284,2.5449481,3.1577633,3.276975,6.0062358,4.7179281,2.477793,3.6157273
GSM1602824,0,validation,2.470861,4.1705492,4.5138776,3.2175401,3.3401812,3.1609335,3.399002,3.8699653,2.5276686,4.2711486,2.214037,2.9881341,3.1069608,4.6254435,2.4086357,2.2810533,3.4141233,3.100397,6.2273984,8.3478781,2.8135793,4.0926378,3.1687479,3.9708057,5.6854773,2.8433007,8.5580249,11.043277,3.492972,2.7574865,3.2142949,3.4210226,2.8278335,3.7478837,2.736953,2.1861198,5.8447304,6.4954731,4.8854773,4.7608422,5.2510512,2.5991631,4.3374967,3.5031413,6.6102739,4.6599635,2.3491833,8.1061183
GSM1602825,0,discovery,2.3688834,3.8795614,3.7415614,2.868377,2.6210086,2.9720488,3.187939,3.3956909,2.7112697,4.1023568,2.3359753,3.0611819,2.6251321,3.8554226,2.8530002,2.0368795,3.4796596,2.9150451,5.8540041,7.9684796,2.3579433,3.8633789,2.3309939,4.1845296,5.3546864,3.0965089,8.5409042,11.09147,2.0106461,2.3357631,2.7062968,2.7166086,2.0716827,3.4754006,2.4310109,2.0482862,5.0511488,6.5218808,5.1252607,5.0708692,5.691904,2.1326854,5.4222548,2.615164,5.5928429,4.3464116,2.4886583,7.5225242
GSM1602826,0,discovery,2.3323755,3.1598168,3.9412865,2.8455216,2.7508284,4.1470672,3.6922449,3.0132836,2.7280407,4.2787585,2.5183546,2.4102698,2.4852494,3.9566752,2.4366443,2.3889789,3.3151311,3.0647064,6.628364,8.1941225,2.7738337,4.5409459,2.8230089,4.4743309,5.7269397,3.2117161,8.2771666,11.335261,2.9698619,2.6803211,3.4861053,3.1556374,2.662277,3.4238003,1.9123551,2.8938075,6.2703413,7.0994945,5.5200013,4.8571333,4.7865963,2.7423545,3.6833817,3.3871266,5.8170277,4.4535423,2.1220813,5.5331946
GSM1602827,0,discovery,2.5598556,3.9476352,4.530021,2.694331,3.4366777,2.8459289,3.453147,3.5908626,2.324351,4.7083039,2.083545,2.6046745,3.214595,4.3571282,2.2735117,2.2595244,3.6431952,3.2713829,6.039463,7.7419294,2.3428778,4.4139218,3.0215844,4.2246385,5.4988568,3.074777,8.1879236,11.380911,3.6787082,2.5803672,3.4825813,3.3040421,3.1605752,3.1853097,2.4169552,2.0879609,4.946244,6.5188593,4.6043639,4.6784235,3.7504259,2.6471081,3.4124339,2.8646295,5.7416132,4.9507084,2.4909477,6.968531
GSM1602829,0,validation,2.3329419,3.1633196,3.1340847,2.4946877,3.10116,3.2549536,3.4250598,2.9194998,2.2313836,4.7351756,2.0868464,2.3713055,2.3557866,3.9568281,2.1774695,2.0832126,3.1212372,2.3091154,6.2363581,8.4394857,2.1245506,3.3413213,2.8008995,3.9080288,5.536389,2.7593048,7.4852681,11.408468,2.6552127,2.592181,2.9265711,2.3914094,2.7652606,3.0515834,2.7272769,3.0163747,5.6430599,5.9715252,4.7483622,5.0854974,4.2692179,2.2498736,5.1601371,2.5071253,5.3809798,3.6879386,2.3066814,8.1124548
GSM1602830,0,discovery,2.4223812,3.6903123,3.8787898,2.6261282,2.61917,4.2437942,3.4740698,2.9790414,2.6586651,4.2727173,2.5494371,2.3978494,2.5752491,3.7943469,2.4937612,2.5095686,3.3626348,2.8686695,6.4997239,8.5028799,2.3835658,3.8649104,2.6195647,4.0773455,5.279317,2.8142939,7.874049,11.55255,2.8893181,2.5112435,2.9553056,2.5129869,2.6520727,2.8541194,2.8092856,2.2369382,5.7532374,6.4986707,4.5558623,5.3588858,3.6644717,2.3531257,5.0663417,2.9587346,5.8249665,4.4019493,2.3444568,7.8085863
GSM1602831,0,validation,2.5598327,3.5243294,3.8778078,2.7881501,3.2477283,4.2089434,3.6950204,2.8068172,2.3964163,4.2372738,2.1442462,2.5289239,2.5526646,3.8864096,2.4149507,2.2927568,3.2625472,3.1862429,6.2100319,8.2046815,2.2607226,4.1172754,2.7832951,3.9002392,5.6261528,3.215733,7.4978096,11.516231,2.7963287,2.725526,2.7747538,2.4867989,2.8129829,3.0996832,2.3207929,2.402519,5.966199,6.2446953,4.8177154,5.6970638,3.5244452,2.1373478,5.2004244,2.9591737,5.4329042,4.182965,2.2098929,6.6103412
GSM1602832,0,validation,2.9446811,4.6199359,3.9147162,2.8124526,2.8081445,3.3236525,3.3803538,4.2866203,2.1507211,4.5030778,2.4825188,2.916428,3.1392069,3.9793085,2.3027681,2.5325731,3.6059016,3.0139334,6.0330482,7.8178419,2.6386795,4.3273006,2.9656695,4.2614107,5.7099489,2.948622,9.0952781,11.599725,2.5623225,2.4101456,3.6716286,2.9079857,2.4487617,3.570981,2.4373397,2.0674201,5.9310744,6.5061605,4.8538289,4.5254482,3.615147,2.1494837,3.6225378,3.580359,6.6875461,4.9531424,2.2367291,8.0791779
GSM1602834,0,validation,2.2310346,4.5086122,4.2913505,3.0497092,2.7652691,4.089943,3.3524871,3.1460646,2.7464507,4.4132996,2.9611788,2.5052273,2.8764948,4.2318854,2.3893575,2.4471307,3.273515,3.1865257,6.5873819,8.05261,3.0232359,3.9282708,2.9891908,4.0017145,5.6669241,3.4808733,8.4739207,11.36392,2.9131514,3.0271574,2.8447456,3.0130195,2.8645217,3.8478626,2.1422304,2.4340637,5.7746444,6.80778,5.4163,5.1098419,3.8443463,2.679426,3.7519499,3.5162445,5.9662715,4.1957241,2.4092955,5.0770838
GSM1602836,0,discovery,2.6742092,3.3618182,3.3270258,2.8453844,2.9010733,3.4215462,3.1658217,3.1591331,2.3194065,5.3913673,2.197494,2.9718254,2.3339639,3.9120235,2.462449,2.3192533,3.0765458,3.5011759,5.7472854,8.2564934,2.3571209,3.8099385,2.5656724,3.9340494,5.4009303,2.9395038,8.4731013,11.681279,2.5090855,2.547223,2.8616466,2.5845842,2.6516966,3.1596103,2.6385141,2.3177779,4.7804216,6.0894624,4.7378154,4.9312167,3.8815164,2.1187321,3.7681455,2.9083417,6.2453185,4.3966399,2.4503589,8.4938659
GSM1602837,0,validation,2.2503201,3.4921763,3.267861,2.7021933,2.8582712,3.7785515,3.3632379,3.5598999,2.1915233,4.307982,2.6679038,2.6130141,1.9385743,3.7557446,2.286226,2.4603339,2.734039,2.867462,5.9054133,8.202709,2.2428668,3.6354625,2.6671283,3.7922546,5.3849033,2.7935311,7.9808277,11.606187,2.5782824,2.4397348,2.5626297,2.2745829,2.2601371,2.8333234,2.6709429,2.4859988,6.0356426,6.1401854,4.7861516,5.5872855,3.672323,2.018014,4.3718839,2.8574301,5.4144709,3.7930354,2.7666666,7.5447881
GSM1602838,0,validation,2.7426033,3.6276799,3.1270417,2.9480713,2.9892694,3.6506662,3.1403861,3.2642963,2.5636129,4.6367208,2.2447618,3.190548,2.0581253,3.6510654,2.4428126,2.3277508,3.0158692,2.8478177,5.762273,7.7082895,2.2107476,4.2667506,2.5845139,4.0395627,5.5599674,2.8894051,8.8325088,11.390152,2.5906187,2.7629995,2.440403,2.8866912,2.53992,2.928368,2.4658266,2.5106738,5.455903,6.5176218,5.2765051,5.3498516,4.330501,2.4953581,3.2674321,3.4755068,6.38528,4.3729599,3.0350413,8.5416161
GSM1602839,1,validation,2.4353983,3.4158897,3.4601438,2.5399917,2.4705343,4.1140215,3.342979,2.8359852,2.7019295,4.0784752,2.3488353,3.2676541,1.9544497,3.7061154,2.3456659,2.299449,2.9847274,3.0545269,6.009801,8.7148592,2.1333822,3.5063112,2.7294828,3.8673982,5.1070087,2.9177632,8.0859163,11.177936,2.8148877,2.3460758,2.9915051,2.7495607,2.7299602,3.1064436,2.8620427,2.3189042,6.0861102,6.7170383,5.0270526,5.4036096,4.7542202,2.2927107,5.7456677,3.1744806,5.6242189,4.1850321,2.2886831,8.1341821
GSM1602840,0,discovery,2.2818832,3.5418413,3.6686555,2.5426114,2.686306,3.775484,2.8726601,3.2928195,4.4134213,4.1677819,2.5463497,2.5696108,2.0363467,3.1037214,2.1870324,2.1481887,3.0073975,3.0262065,5.8162577,8.3735703,2.014134,3.5910953,2.4567742,4.1339687,5.1237092,2.0716347,7.5468034,11.664361,2.6369316,2.3496241,2.8231308,2.6901329,2.5829322,3.128837,2.3790782,2.8065684,5.8892788,5.6309873,4.5524459,3.6487692,4.0765828,2.0134452,5.0090779,3.1068134,6.1864213,4.3205144,2.3501831,8.5002725
GSM1602841,0,validation,2.1647142,3.3760076,4.1469405,2.6728689,2.9382247,3.3457013,3.2674628,3.5537632,2.8470839,4.5798303,2.2741307,2.9934732,2.6413482,3.9051379,2.4053814,2.3899264,3.2641976,3.094883,6.1792444,7.8108231,2.2042726,4.2661696,2.6435283,4.320993,6.0099327,2.6650022,8.8417835,11.852793,2.7889889,2.5585222,3.0062057,2.8762917,2.5000936,3.4681785,3.3112701,2.258502,5.7604516,6.0557144,4.4138635,4.366356,3.2213091,2.4368744,3.8050748,3.1914932,5.9591463,4.1866026,2.1516348,8.342823
GSM1602842,0,discovery,2.5348916,3.5507711,3.5873417,2.7801346,3.2883805,3.2051275,2.6128036,3.3351577,2.4263439,4.3439291,2.4422962,3.0152491,2.1905636,3.0237623,2.3111879,2.1957554,2.9896156,3.0269575,5.5904409,8.4955895,1.7364376,3.6288773,2.3527483,3.6956389,5.07723,2.9660685,8.1398442,11.571445,2.7258036,2.1884048,2.3152595,2.0403961,2.6529555,2.5709285,2.6890144,2.1899956,5.2420919,5.969354,4.9023293,5.5244496,4.8019299,2.1999241,4.8130016,2.9420088,5.9674385,4.0186093,3.4372707,9.1864056
GSM1602843,0,discovery,2.5253323,3.3719305,4.6521988,2.9291224,2.8760487,2.8790915,3.3187968,2.9068048,2.6975928,4.4591638,2.8830037,2.4740803,3.071443,4.5565727,2.3449968,2.6760969,3.6878122,4.0361186,5.982405,7.9940868,2.6378487,4.143944,2.8744272,4.2112986,5.7730899,2.9283494,8.2746576,11.227475,3.7433651,2.7490903,3.4414312,3.3532525,3.3630382,3.3406844,3.0994472,2.1896761,3.983969,6.4592105,4.8274691,4.4923536,3.4599036,2.4414086,3.2899405,2.6667969,5.9773291,4.9202466,2.1437679,6.2016635
GSM1602844,1,discovery,2.4033143,3.9462908,3.7936457,2.7590323,2.5990754,4.0664113,3.3274035,2.6229929,2.5252168,3.8420254,2.8424119,2.3902593,2.1157976,3.4263493,2.4295758,2.2965075,3.1412124,3.0942523,5.8431369,8.783266,2.178976,3.7854877,2.46466,3.8840527,4.719063,3.075337,7.7497419,11.286315,2.4058302,2.3221248,2.5958658,3.0857148,2.5463088,3.1238519,2.4168876,2.8539095,5.6785074,6.2559202,5.197761,5.3784973,4.3604617,2.1001443,6.3903839,2.8875801,5.1529633,3.9322727,2.7346403,7.8972521
GSM1602845,0,validation,2.8241429,3.4932347,4.6098298,3.5273486,3.8231191,4.4418122,3.7597053,2.8643328,3.0746093,4.1650511,2.1399699,3.0047846,2.8295558,4.5306338,2.8165907,2.7278575,3.9940093,3.338219,6.9429621,7.3966772,2.3625321,5.2010915,3.5116389,4.6147294,5.7690212,3.4655535,8.3097964,11.414779,3.389345,2.7253596,3.8043848,3.3805264,3.477081,3.7345731,2.5163536,2.6983031,4.8904586,6.8937262,5.1137096,4.3954264,3.5672505,2.3969878,2.7377579,3.2513261,5.579087,4.6287765,2.393725,7.0084892
GSM1602846,0,validation,3.125978,4.9033118,3.7327361,2.8851639,3.0118271,3.3643649,3.4446752,4.6287496,2.7500262,4.3634992,2.3670069,3.1004627,2.1681026,3.7100326,2.5399089,2.2167929,3.1149479,3.1361204,5.7660116,7.6766651,2.4701371,4.0113755,2.8996888,4.1356981,5.4308982,2.9048771,8.91315,11.160145,2.9062568,2.3044614,2.7866129,2.3380963,2.7801007,3.1779862,2.5915986,2.574079,5.6236178,6.4014236,4.7966642,5.3942466,4.6486252,2.6112123,2.9671939,3.7546557,6.8741732,4.4396309,2.8306938,7.9712397
GSM1602847,0,discovery,2.9256688,4.6900469,4.3128079,3.1118739,2.8519882,3.0560525,3.2948445,3.8939245,2.59887,4.7297052,2.1815673,2.6458203,3.4788152,4.423245,2.1926148,2.821408,3.4054971,3.2775211,6.7278758,7.7957503,2.6311183,4.5778897,3.0712356,4.5151844,5.9414829,2.9021491,8.6335957,11.337934,3.1449411,2.5609682,3.009723,3.5516546,3.0151318,3.560007,2.4596805,2.238831,5.1086879,6.7245994,4.6209985,5.0996003,4.8625873,2.1541721,3.861167,3.0128654,6.4148847,4.8194764,2.4252523,6.7938782
GSM1602848,0,discovery,2.5426466,3.4069488,4.4074915,3.1416157,3.5854728,3.2437149,3.4223893,3.3212285,2.2352937,4.4628879,1.9999913,2.6190345,3.2162088,4.3041968,2.4520185,2.5472591,3.6613756,3.2633328,6.3525459,7.4313061,2.7437876,4.9108562,2.9776769,3.8946201,5.7733195,3.0599254,8.8485627,11.600965,3.3680267,2.6760622,2.9430848,3.2290117,3.6765164,3.5424774,2.6124868,2.2666902,3.8778713,6.2293958,5.0236322,4.0912333,3.4190463,2.0616301,4.2928802,2.8551114,5.2594515,5.0429716,2.5166477,6.2605608
GSM1602849,1,discovery,2.4357599,3.4298198,4.0449646,2.8382001,3.0581849,3.4126352,3.2498714,3.7944837,2.7993504,4.4782851,2.6492718,2.5835071,2.963117,4.2083338,2.1277552,2.5915583,3.4009973,3.2665377,6.0106939,8.2998235,2.3417303,3.9002935,2.6034816,4.3022064,5.658816,2.7773912,8.2401281,11.702507,2.7886424,2.5075574,2.9895054,2.9787466,3.2069704,3.5126184,2.8603743,2.1846408,5.0232451,6.6545494,5.2022532,4.8780283,4.4857513,2.4890547,3.9437019,2.8765645,5.7189382,4.6977259,2.4789897,5.6608297
GSM1602850,0,validation,2.4299275,3.6498431,4.0772604,2.9128015,2.8860534,4.5322519,3.4049015,2.9556586,2.7618648,4.322584,2.1328367,2.4678878,3.2128043,4.4840292,2.5042273,2.5058534,3.7990114,3.2428634,6.106274,8.0025301,2.3544914,4.3656797,2.971028,4.2169106,5.6427959,3.2608928,7.760729,11.53032,3.7401839,2.7424529,3.6591773,3.4092402,3.2373384,4.100236,2.4245661,2.2819728,6.3047224,6.9401566,4.8191453,5.6190815,3.7371873,2.5858203,4.112783,3.3071746,5.6377052,4.3931117,1.6804835,5.0533752
GSM1602851,1,validation,3.3538833,3.5260003,4.6096803,3.406603,3.3597484,3.0427711,3.8864624,2.5655065,2.3428754,4.0948438,2.2897601,2.8607001,2.3025628,4.4877176,2.16628,2.1920427,3.5881099,3.0474698,6.5261062,6.2884168,2.2907161,4.7766013,3.1542754,4.7188141,5.590942,3.0992405,8.7245046,11.599483,2.6892641,2.8428915,2.8604101,2.8205677,3.8737288,3.5815401,2.3987358,2.7932036,4.7520607,6.9683268,5.8179534,4.2993485,3.7338536,3.5219892,3.0613843,3.8380394,6.3105566,4.5772143,2.6379162,5.8424977
GSM1602852,0,discovery,2.5465787,3.3547948,4.7570104,2.9656825,2.882324,3.1882687,3.8493289,3.9193763,2.4799499,4.6169747,2.5049027,2.8831298,2.9603611,4.2172651,2.865533,2.5004955,3.8023896,3.3636876,6.1495671,7.6911613,2.8591474,4.2652947,3.1743051,4.0680236,5.8893804,2.8478013,8.0305344,11.394658,3.22309,2.5545088,3.2286872,3.0835481,3.5377343,4.0665327,2.7451358,2.3013414,4.9809745,6.3556622,4.4107237,4.4743681,4.044483,2.4199573,3.9499,2.6921707,5.9435111,4.9455299,2.003201,8.0743907
GSM1602853,0,discovery,2.7234657,3.5296396,4.2436257,2.8624268,3.0334998,4.0788094,3.6153671,3.038552,2.7644635,4.5692202,2.4686874,2.8396443,3.080103,4.5821378,2.3787729,2.5577925,3.4451177,3.303963,6.6246395,7.7455652,2.3216385,4.0571518,2.9913713,4.263777,5.5306574,3.0587183,8.5592379,11.558106,3.3665203,2.7253357,3.2859464,2.8775653,3.1222947,3.17939,2.4419585,1.9784375,5.1327373,6.3769828,4.9797769,5.0111359,4.1876942,2.6050116,3.3856401,2.9997314,6.0655747,4.4451558,2.5249611,6.1012862
GSM1602855,0,discovery,2.3497446,4.8057942,3.4711215,2.8276153,3.2975141,3.0499668,3.0571207,2.4258528,2.0739261,3.7998581,2.6267559,3.0373629,2.1139776,3.0095725,2.5959331,2.1411815,2.7961022,2.713526,5.6920242,8.9403781,2.0928164,3.4519544,2.3358014,3.7024791,4.9447125,2.5569673,8.1630985,10.961472,2.4509998,2.3768955,2.9054999,2.5412086,2.5746779,2.9511725,3.0321293,2.5996042,4.6213382,6.6186388,5.5384892,5.556318,4.1660727,1.8844277,6.1241341,3.0799595,5.5570706,3.9687834,3.0160417,8.0449261
GSM1602856,0,discovery,2.8167772,4.8782293,4.5601138,3.4927719,3.0101172,3.0689797,3.2020011,3.3896908,2.7478685,4.4330943,2.6474263,3.1652531,3.6531977,4.3765091,2.3941215,3.1174204,3.5204521,3.6262312,6.8852264,7.3119868,3.0445296,4.6706644,3.1151503,5.0037594,5.9140449,2.9560203,9.2315786,11.115028,3.516673,2.8068641,3.167078,2.8468151,2.9763755,3.3850451,2.6494895,2.3480338,5.9763557,6.9435049,5.2529446,5.2573623,5.0811088,2.4997829,3.2044862,3.2538758,6.2952327,4.705439,2.0945727,3.8346774
GSM1602857,0,discovery,2.4576656,3.3750118,4.9040892,2.98273,3.2103713,3.7010551,3.30127,2.8051159,3.0177772,4.502819,2.0026829,2.5002066,3.5393919,5.1450705,3.26821,2.6549009,3.8540131,3.5921507,6.8881388,6.9469645,2.3683521,4.8723108,2.9504017,4.6253758,6.9150973,3.1079382,8.3128209,11.385406,4.7580344,2.7390133,3.8076053,3.5345843,3.8359848,4.1845948,1.9520391,2.1060223,6.1520516,6.3153576,4.6998734,3.9039222,3.531121,2.9291325,2.7193039,3.8266341,5.4534975,5.0718259,2.16407,4.9738256
GSM1602858,1,validation,2.6398733,4.1486071,3.894356,2.8428334,2.7542479,4.3261692,3.6724048,2.5234621,2.815137,4.2955336,2.7839466,2.4331325,2.5275602,3.9912858,2.7581334,2.3150442,3.1499759,3.3320218,6.3583364,8.3074652,2.2125055,4.491045,2.7412137,4.0393764,5.5276152,2.8378734,7.798114,11.3183,3.5981158,3.0489295,3.2879994,3.1450508,2.9347172,3.4400811,1.9511847,2.2893866,5.9731717,6.7542582,5.2813155,5.4046607,4.315123,2.5041137,4.0570008,3.4390931,5.6149833,4.2072876,2.6468468,6.2577811
GSM1602859,0,discovery,2.2204797,4.2979495,3.2948815,3.0245259,2.6465357,3.20026,3.2616907,4.3063563,2.2740608,4.1117231,3.7103714,3.0616631,2.1032313,3.6526344,2.2825258,1.857813,2.4244396,2.5481185,5.7849552,8.412087,2.2161758,4.0909949,3.1167785,3.7019192,5.1047652,2.848953,8.43645,11.429565,2.5095856,2.6069427,2.6290653,2.6586271,2.4623344,2.856137,2.3459509,2.4529123,4.8910034,6.6785662,5.5116953,5.8813935,4.045582,2.3996461,5.1823274,3.5298038,5.7904647,3.9817828,2.4373647,5.9998361
GSM1602860,0,validation,2.5273384,3.6575401,4.7533152,3.3603134,3.2566416,3.4770687,3.9295697,2.6753043,2.8005783,4.3036568,2.3040991,2.8625701,3.277816,4.4923485,2.6949364,2.7286848,3.6651763,4.1130839,6.9710601,7.7088058,2.2916386,4.369333,3.1662034,4.7085578,6.3632371,3.0565001,8.7215666,11.811548,3.2221644,2.9904868,3.3541465,3.8743103,3.4582752,4.0215002,2.4222203,2.5749622,5.6203639,6.5933743,5.1417048,4.1798739,3.7833804,2.6796434,3.0327187,3.4412461,5.8548216,5.1314665,2.4894106,6.3185863
GSM1602861,0,validation,2.4340922,3.8436441,4.0761632,2.8044427,2.8967749,3.4724312,3.7288309,2.4028718,2.5975881,3.794176,3.0875907,2.8763627,2.6343937,3.7647272,2.3997212,2.2988149,3.5491308,2.7430638,6.2563825,8.6622769,2.4220382,3.9731852,2.6747087,4.1007833,5.5190593,2.6834604,8.2775825,11.267663,3.1977809,2.5630747,2.6104711,3.1461596,2.9328685,3.6064966,2.6869141,2.5239036,5.4605298,6.3228275,4.7814388,5.4829809,3.9238462,2.3045758,5.0865459,2.8123856,5.681181,4.3253984,2.5951795,7.8516166
GSM1602863,1,validation,2.2855836,3.2916207,3.6713226,2.7942357,3.0967395,3.6515953,3.4487765,2.8997092,2.1633831,4.5476823,2.4582875,2.663848,2.5104248,3.6913248,2.5609792,2.6040632,3.0136161,2.6241645,6.0518744,8.0837086,2.4782772,3.8592377,2.8097577,4.0370247,5.4691794,2.5928941,8.292725,11.458332,2.5932697,2.8378572,2.9327345,2.6936972,2.799387,3.1113911,2.4820023,2.5967542,5.9653963,6.3941336,4.8771719,5.4899792,3.7701141,2.1737344,4.5736819,2.8190554,5.5662746,3.9818742,2.4083121,6.2484009
GSM1602866,0,validation,2.4749105,3.7217719,3.8604019,2.7622593,2.789103,3.6457654,3.2662003,2.5749683,2.3550617,4.6929038,2.395284,2.186224,2.5111414,3.5514917,2.082405,2.0093374,3.0645779,3.341423,6.299255,8.5513369,2.3786605,3.7571266,2.9674411,3.7680132,5.7471668,2.7337362,8.2941881,11.500567,2.6001597,2.2230985,2.7291838,2.7854742,3.6158066,3.5381362,2.9378176,2.7072742,5.2190957,6.3092795,5.3311862,4.7912874,4.1289871,2.7182074,4.1807917,3.6053593,6.059217,3.9102008,2.6131606,7.9443713
GSM1602868,1,discovery,2.5241932,4.0004825,4.1513217,2.8231032,2.8110266,3.6060199,3.5251872,2.9948658,2.1570649,4.325055,2.2622508,2.7135364,2.6017745,4.2338481,2.6229434,2.400784,2.9455485,3.2036781,6.2107221,8.8685504,2.3534066,4.2716235,3.2356899,3.9312375,5.6063284,2.6570362,8.2253479,11.420664,2.7567814,2.6361167,2.8515262,2.9233724,2.9928875,3.5437333,2.6491864,2.362553,4.6801684,6.8998142,5.4479361,5.3714871,4.4574713,2.420381,4.822827,3.5017423,6.065702,4.7600085,2.4560497,7.8363648
GSM1602869,0,discovery,2.2316935,3.7294596,4.7061777,3.2881498,3.3975649,3.3916583,4.0715411,2.5944274,2.1989402,3.8208531,2.3810423,2.6016234,3.2627478,4.8407379,2.7261587,2.6369722,4.1609676,3.4497526,6.9142725,8.4694381,3.0550447,4.1329845,3.4844234,4.6698717,5.9298799,3.1571951,8.3025549,11.08081,3.4206597,2.9644454,4.1812332,3.3353767,3.5202857,4.5591445,2.4264538,1.9587376,6.1488221,6.7915723,4.865907,5.1486424,3.9485581,2.7204217,4.2883764,3.3623354,5.8562665,5.2302352,2.0758262,5.8643608
GSM1602873,0,validation,2.275541,3.4378355,4.225702,3.1068923,3.2356634,4.2238306,3.964529,2.7223886,2.5599664,4.2233552,1.852231,2.4223176,3.118149,4.1726457,3.0623692,2.7553561,3.2952404,3.2976664,6.9297614,7.9504228,2.3119731,4.1643495,2.9633458,4.1070073,5.8887929,2.9374001,8.4708034,11.623302,3.2434338,2.9293254,3.2536454,2.7882174,2.9613222,4.0795994,2.2324331,2.2325873,4.9632094,6.7903754,4.8770733,5.218761,3.5834422,2.430378,3.5445763,3.5698316,5.3614848,4.3800526,1.9934678,6.442949
GSM1602878,0,discovery,2.248349,4.5207835,5.0909564,3.6316133,3.2601159,3.0939694,3.4735123,3.2200855,3.070884,4.3303547,2.8035602,2.7657447,3.8575997,4.4556058,2.3850987,2.7734521,3.6719854,3.2349024,6.2677461,7.7560697,2.6829195,4.5859205,3.3937982,4.7871287,6.2170144,3.0563588,9.106336,11.126996,3.6567573,2.3838123,3.7045594,3.9109684,3.3425983,4.2879986,2.3422947,1.9452652,6.2535751,6.5532383,4.4581485,4.179573,3.7637527,2.5861008,4.751087,3.1425345,5.5595549,5.0615876,2.098919,6.6850275
GSM1602879,0,validation,2.9874056,3.8249975,4.3119701,3.0839786,3.3591419,4.4829588,3.4572658,2.6683394,2.5893973,4.3426639,2.7300774,2.8218992,3.360242,4.0227708,2.5335087,3.1421577,3.6036819,4.5921951,6.973476,7.6526053,2.8871178,4.7230934,2.9768239,4.631248,6.2184988,3.9837345,8.4965455,11.590219,3.1114325,3.4600901,3.1106669,3.1291479,3.1504107,3.4931764,2.4341129,2.7940488,6.0881794,7.1504147,5.0332258,5.2136444,3.5443091,3.4089341,2.0287007,3.3744571,6.5314372,4.3871863,2.4542342,4.9978428
GSM1602880,1,validation,3.1383089,2.7774605,5.2584515,3.1730387,3.9257295,3.1467942,3.716701,3.5753058,3.0492942,4.7009328,2.3686981,3.4572508,3.8351169,4.4204393,2.8904749,2.5930558,4.1508686,3.7112011,7.2562657,7.4333327,2.8073586,5.2476909,3.1827612,4.9611084,6.1312116,3.1697377,9.1381807,10.775419,3.3013946,2.9127717,3.7294945,3.874931,4.0880228,4.3744476,2.5519434,2.6261119,4.3748457,7.5048306,5.6485297,5.3123835,4.1383143,2.8571317,3.2748825,3.9177792,7.1032237,5.8985888,2.1901099,8.3539519
GSM1602881,0,discovery,2.4742944,3.7904954,4.1483728,2.7151799,3.1399174,3.8365559,3.4585377,3.2057121,2.7014672,4.4645373,2.2782028,2.4038287,2.8477946,3.7355173,2.388068,2.5902368,3.2070034,3.3200587,6.130675,7.9956734,2.0674566,3.6869885,3.0692716,4.3123518,5.5927589,2.7391526,8.5102325,11.595337,3.300675,2.6953938,2.9930626,2.8299812,2.6387344,3.4143022,2.3704155,2.2405886,5.4351296,6.1131533,4.8378289,4.6434315,4.0668611,2.4624381,3.40165,3.3284025,5.8428927,4.0538577,2.5166878,6.7321003
GSM1602882,0,discovery,2.4440603,3.4981313,4.1884105,2.742109,2.865746,3.4955537,3.6218783,3.5031966,2.54471,4.2568981,1.9712097,2.6355597,3.2638479,3.9756915,2.1094823,2.7824315,3.4322285,3.0361649,6.0854025,8.1881389,2.310839,4.3254676,2.9582512,4.5337435,5.6228756,2.6950912,8.3483076,11.16004,3.2815292,2.7918823,3.5477687,3.4761075,2.8516719,3.6867359,2.6814179,1.9520054,5.8378516,6.3725027,4.7032303,4.8229366,3.3877992,2.4593586,4.0366394,3.2060431,5.8163331,4.5803415,2.2217404,7.2817351
GSM1602883,0,discovery,2.4506444,3.9166532,3.8329501,2.5341589,3.0412939,3.9476218,3.3760017,2.5895656,2.9965377,4.0842369,2.8484467,2.5274426,2.5774793,3.7659993,2.2117656,2.3386488,3.2841016,2.8345507,6.1320112,8.7242963,2.2665089,3.9927289,2.5494853,3.8189911,5.2740831,2.731403,7.4141566,11.317934,2.9922415,2.5595168,2.9409437,2.8698324,2.3225583,3.0984287,2.4096751,2.4239682,5.8455499,6.182513,4.9796437,4.429197,3.9646214,1.9447907,5.8505035,2.9848356,5.118279,4.1049723,2.1621539,6.729565
GSM1602885,0,validation,2.2428279,4.2924757,3.957023,2.5741527,2.7667852,3.602902,3.6952772,3.0146934,2.5605118,4.1348701,3.3905773,2.5160066,2.40819,3.7848606,2.425897,2.2060872,3.0160011,3.2344021,6.0378753,8.3582428,2.2189336,3.6516637,2.8406403,4.1337029,5.1860961,2.7614891,8.1305211,11.423683,2.8550384,2.3764751,3.0389648,2.7939496,2.6511793,3.2832263,2.1572096,2.3836859,5.9449443,6.4377208,4.863286,5.040164,4.1160671,2.2329294,4.9388187,3.1948977,5.6981508,4.081244,2.773855,8.1837592
GSM1602886,0,validation,2.5755137,3.9444903,4.3807916,2.8392069,2.8148118,3.8399632,3.4593315,3.2366994,2.7452442,4.1095948,2.6377546,2.703843,2.941786,4.3405559,2.5109693,2.5961629,3.8595564,3.3507701,6.2580203,7.722553,2.5987769,4.5549827,3.0768242,4.3183428,5.7212037,2.9401758,8.4597754,11.507626,3.4180836,2.8264029,3.4840973,3.1435291,2.9393247,3.6452318,2.4865944,2.1448708,5.1448933,6.9331138,5.5730065,5.4640213,3.7536454,2.0815058,3.4327898,3.2560514,5.909205,4.6524609,2.2379655,5.4976227
GSM1602888,0,discovery,2.3523243,3.6115406,4.2029084,2.586256,2.661889,3.5784829,3.255946,4.0741043,2.6417742,4.571363,2.9780706,3.3684511,2.2627791,3.9740927,2.2695288,2.2024949,3.396766,3.2023342,5.9607536,7.9084512,2.2223461,3.5203986,2.6792983,3.4830501,5.7305549,2.7073321,7.8654278,11.801378,2.9666914,2.3318182,2.9867444,2.368712,2.6695478,3.2916356,2.3111009,2.4805831,5.1042016,5.7697445,4.9887456,4.9610726,3.9897494,2.110514,3.6239259,3.3194481,5.6148602,4.3565497,2.2452506,6.9782762
GSM1602889,0,discovery,2.5112285,4.7538283,4.1162626,2.6534202,2.721224,3.4454104,3.2423309,3.1608779,2.6629572,4.2324704,2.094581,2.9145139,2.5214003,3.8739703,2.3933272,2.2088556,3.1905531,3.2845668,6.2900192,7.9355266,2.1143222,3.9280833,2.5589344,4.1299403,5.7151642,2.7199924,7.8718889,11.159003,3.4487159,2.3147155,2.9355676,2.6891733,2.6315955,3.073795,2.8899827,2.1585274,6.519504,6.684522,5.2456083,5.3658887,4.0411875,2.2419639,5.6264132,2.7456864,5.608747,4.2027476,2.3394126,7.7655817
GSM1602902,0,validation,2.4124187,3.5494117,3.7165632,2.6358133,2.9182197,3.6715965,3.4261696,3.1392397,2.6427542,4.4275703,2.7730706,2.4998921,2.1462232,3.1845192,2.2757183,1.9736041,2.8651405,2.9857601,6.2088505,8.9957098,2.3114254,3.6917311,2.5195711,4.0312182,5.110302,3.0306457,8.1571774,11.375663,2.7836295,2.544355,3.0203241,2.383635,2.2592824,3.1448065,2.6186002,2.4571775,5.9111342,6.3686747,4.9535491,5.872671,4.5852299,2.1585718,5.526674,3.3263234,5.1549068,3.7738594,2.5065585,8.0334432
GSM1602903,1,discovery,3.1891325,4.088646,5.2684585,3.3081604,3.729136,2.9050811,3.9696765,2.6355268,2.7177452,4.1139165,2.475456,2.4608708,3.9469696,5.0006655,2.7478103,2.7053484,4.1283108,3.2871278,6.8080457,7.6490822,2.8491855,4.8723805,3.7644027,5.0053384,6.5852043,3.2933403,8.5650826,10.509844,5.0046005,3.2576999,4.2473021,3.9232706,4.0626774,4.7929412,2.5864144,1.9161037,4.6283379,7.1777717,5.1268111,4.2191594,4.069422,2.3935199,3.1003987,4.2545016,5.9708736,5.5117255,2.048985,5.965263
GSM1602906,0,validation,2.9784019,4.0897955,3.5847485,2.8445441,2.4204931,4.4351264,2.8790005,2.6958432,2.7774805,5.0408871,2.1066823,2.8878443,2.6980748,3.8295497,2.2115473,2.4583709,2.815663,2.9548674,5.8129471,8.2520119,1.91118,3.985367,2.9002531,3.8915709,5.2812152,2.8398407,8.1379607,11.566666,2.9558285,2.5926776,2.2640119,2.4339804,2.377083,2.9128731,3.009593,2.9155332,5.0294432,6.3109468,4.7691316,4.889912,4.2960065,2.1738035,4.3794756,2.9575606,5.4523481,4.1927872,2.3408264,7.4579622
GSM1602907,0,validation,2.643164,3.5096846,4.6914985,2.9817629,2.5755475,3.7221447,3.9432148,3.3213313,2.952241,4.0801865,2.5588577,2.4028194,2.9836787,4.6627748,2.2436935,2.4216521,3.7126263,3.5497311,6.4709618,7.9038629,2.6033962,4.3081344,3.1177983,4.2086141,5.6453569,2.7594187,8.2104606,11.627081,3.1363997,2.9546636,3.3290169,2.9942906,2.9480802,3.7867069,2.4135879,2.1515365,6.0504046,6.9708865,4.9684624,4.6676999,3.9860385,2.5021886,3.1831935,3.2177044,5.6587933,4.6078185,2.1586648,4.8589306
GSM1602908,1,discovery,2.8130626,3.9861435,4.6511465,3.0370268,3.0893289,3.2481068,3.5525052,3.0310174,2.7851975,4.3148514,2.3231573,2.8725486,3.1995034,4.7634398,2.5466152,2.5347376,3.3945724,3.322197,7.1868438,8.2596229,2.2716487,4.0173898,3.1026262,4.1841909,5.8517693,2.7802484,9.1278511,10.745263,3.8707757,2.5268577,3.5786769,3.1669945,3.2885823,3.7819878,2.838376,2.1075359,4.5496972,6.7979444,5.0947924,4.9886046,5.1368813,2.3574236,5.1821846,3.5713356,6.2495574,4.8909538,2.805993,8.4185473
GSM1602912,1,validation,3.0210711,3.6816317,4.9183052,3.1731372,3.5796217,3.0454493,3.8880842,2.528111,2.2834698,4.994301,2.2706712,2.9864018,3.2647167,4.7815143,3.5278297,2.825107,3.6443311,3.1131404,7.1249152,7.2502655,2.5427764,4.9093707,3.3290041,4.4402694,6.605739,3.5620275,8.762907,11.631411,3.3586014,2.7297981,3.0159864,3.0986933,3.2222662,3.1077382,2.5375744,2.2565314,4.2080648,7.108708,5.3582203,4.4093985,3.5776684,3.4655101,2.5251614,3.466024,6.0771414,5.1656967,2.484135,7.0202316
GSM1602921,0,validation,2.6114882,4.0205873,3.8842713,2.9234082,3.059115,3.6698555,3.5218394,3.85556,2.4142261,4.634472,1.9437921,2.8324909,2.6714876,4.0177613,2.3930721,2.4710972,3.3336221,3.1939525,5.9961903,7.822499,2.2433076,4.1975972,2.7272419,4.1953325,5.5808973,3.1481774,8.600041,11.603627,2.8371745,2.400003,2.7670775,2.693812,2.7199236,3.4461428,2.7014335,2.2825616,5.2122752,6.5071055,5.0444492,3.9935272,3.7637606,2.4909407,2.7818407,3.6130649,6.2726964,4.3271957,2.6087404,7.2229541
GSM1602922,0,discovery,2.736779,3.636103,4.0258378,2.6966221,2.8270179,3.5195907,2.9850386,2.3368841,2.4197746,4.5176674,2.3278098,3.1516099,2.6373522,3.9063248,2.6754672,2.7097868,3.3248414,3.4275559,6.2413872,8.8326569,1.9528944,4.3007941,2.9726909,3.9491466,5.5145485,2.7459959,8.0434325,11.634164,2.9476918,2.65144,3.0639312,2.8917726,2.8683423,3.1445696,3.0904927,2.4212093,5.4746112,5.8595759,4.6136492,4.5655635,3.1444637,2.4809205,5.141008,2.9433016,5.7489959,4.0476338,2.3659547,8.2220528
GSM1602923,1,discovery,2.4903615,4.0268019,2.6338856,2.6943822,3.094054,3.3498117,3.1536037,4.1096517,2.8162058,4.1866302,2.4710413,2.4171004,1.7571686,3.8910162,2.2899026,2.0506289,3.2785658,2.6349575,5.5374091,8.2635204,2.1603429,3.7886638,2.5106682,3.9039099,4.9346407,2.6025866,8.2649749,10.658228,1.9804961,2.4188815,2.2206049,2.3472405,2.6638321,2.8857013,3.1553276,3.387475,5.0044768,7.0331792,6.0570761,5.6789796,5.4278826,2.0018472,5.0543965,3.2909954,7.3171992,4.6715742,3.2065267,8.4845308
GSM1602924,0,discovery,2.444932,3.4510169,2.8738894,2.6370359,2.9184496,3.0893274,3.0173157,2.8293057,2.5923715,4.3169088,2.2221333,2.3952096,2.508341,2.4423629,2.3185917,2.4106007,2.8516488,2.7306322,5.5712317,8.9172152,1.8430457,3.7879799,2.4572317,3.6988446,4.7207894,2.6247744,8.6372527,11.192777,2.3237387,2.4172867,2.2645025,2.6042633,2.6735415,2.698146,3.0956076,2.3106261,5.0082065,6.3658842,4.9113428,5.3474283,4.3758948,2.3951817,5.1205752,3.253416,6.6964738,4.5015357,3.4185797,9.1867495
GSM1602925,0,discovery,2.4844742,3.1322179,3.7413754,2.3239961,3.0824202,3.4264317,3.5003543,2.731364,2.8207032,4.7013438,2.8000137,2.4919364,2.1557646,3.9406806,2.6963457,2.3913212,3.1948319,3.2095426,6.0860463,7.9800727,2.2370689,4.3218177,3.0424131,3.7524464,5.8106075,2.9782218,8.2756868,11.646362,2.6539585,2.5593185,3.05645,2.9892009,2.8013177,3.2870528,2.0846057,2.5792386,5.2123032,6.4662218,4.9638042,4.441404,3.6836551,2.6680764,4.0253853,3.8631482,5.144493,4.2066421,2.3135456,7.5330304
GSM1602927,1,discovery,2.2545827,3.1932938,3.182243,2.5394786,2.3670487,4.0459424,3.1511217,2.5633646,2.7411255,3.6162556,2.2657745,3.4012149,2.1255524,3.2541495,2.4738567,2.4519872,2.877803,2.9514542,6.1282166,8.3255646,1.9870823,3.6788088,2.5201604,4.2007438,5.8676312,2.4970898,7.6553727,11.493525,2.3448686,2.7914497,2.7928771,2.5530779,2.4355421,2.5288123,2.5042551,2.5297468,5.5669308,6.6189415,5.436883,5.3446128,3.7724871,2.1840887,4.2009079,3.0709176,5.5550504,3.7142816,2.2868692,6.9247066
GSM1602928,1,discovery,2.2452971,3.5602864,3.9619955,3.066195,2.9273497,3.660519,3.3244296,2.938462,2.4424187,4.2394573,1.906995,2.7055665,2.452457,3.8867711,2.2830131,2.2489642,3.5143951,3.2484862,6.2330087,8.7691069,2.2018392,3.8227993,2.777041,3.7430625,5.4881936,2.4263605,7.8077891,11.630077,3.0541308,2.4581203,2.2994862,2.7389726,2.4406135,2.7098964,2.8109959,2.7885727,5.3627554,6.0765661,4.7412586,4.762273,3.3102372,2.0326422,5.9224297,2.8774915,5.4883382,3.5986067,2.5414263,8.1349336
GSM1602929,0,discovery,2.5788142,3.8029002,4.1280784,2.9947039,3.3827963,3.4187589,3.7819559,2.5396747,2.5117558,4.2777849,2.6283085,2.5788547,2.9867247,3.9562301,2.4324784,2.574258,3.6361425,3.4758132,6.9947014,8.0272046,2.8640656,4.3357293,3.0398344,4.4008286,5.9912914,3.0405011,8.1612259,11.499746,3.0289034,2.7447306,3.4144154,2.9058604,3.1205058,3.9818224,2.4064602,2.1495037,5.0369367,7.0160172,5.4232261,4.7701129,3.892925,2.3923781,4.4425292,3.4981485,5.5622496,4.1868386,2.2831223,5.3066896
GSM1602930,0,discovery,3.0465243,4.1047066,4.1690545,2.9885083,2.8051482,3.9694084,3.2844393,3.3731126,2.8047075,4.5875578,3.2987495,2.8288072,2.8380805,3.7384927,2.2531367,2.204178,3.4998727,3.1855743,5.743947,7.8426271,2.1611457,4.2146169,2.4402189,3.3908611,5.5440904,2.5133633,8.8493769,11.522469,2.6869646,2.671179,2.7814417,3.3677411,2.417539,3.3279744,2.7948949,2.4495196,5.4963696,6.2834368,4.9752253,5.3938376,3.6642072,2.3308359,3.1871732,2.5715706,5.9732753,4.2191396,2.2483276,6.6309872
GSM1602931,1,discovery,2.3852892,3.1807663,4.8803445,2.8837544,3.003393,2.9837243,3.3216864,2.7062773,2.6589986,4.3538437,1.8028023,3.2326866,3.5788941,4.7391876,2.5654047,3.0165664,3.8647397,3.7115663,6.4695827,7.9356821,2.3097623,4.0896365,4.1661026,4.4496891,6.4226431,3.6388755,9.1441971,11.215968,3.5996128,2.3552541,3.707883,4.035008,3.1306065,4.3138134,2.5654204,1.8819396,4.8215499,6.6095523,5.0023317,3.9482819,3.4806981,2.6441947,3.8157386,2.9670052,6.4610755,5.1691145,2.1006885,8.5045608
GSM1602932,1,discovery,2.4724432,3.2393776,3.1133987,2.2571406,2.4808232,3.626764,2.9353012,2.7066142,2.9506551,4.3065535,2.1661058,2.6985817,2.0263429,2.5378025,2.2921421,2.6360927,2.9351046,3.3275064,6.0667181,8.7317634,1.8304702,3.4219945,2.4971359,3.9882757,4.7174297,2.5195474,7.8820996,11.290067,2.8376381,2.6353235,2.1471041,2.3915355,2.4533847,2.9662808,2.300566,2.1456286,5.1273344,6.2599451,4.7869016,5.7303181,3.9665196,2.0276901,5.914246,3.2141436,5.5972612,3.7959808,2.6303043,8.6617331
GSM1602933,0,discovery,2.6847417,3.7629872,4.0453368,2.9098359,2.8345065,3.6331927,3.1932921,4.5381485,2.3467486,4.180838,2.2826384,3.0435327,2.8712335,4.093218,2.2843192,2.4587108,3.4765215,3.5548008,5.824666,8.0983187,2.3070392,3.8376587,2.5101435,4.0960256,5.4785885,2.8802131,8.4656875,10.609662,3.0181771,2.7157559,2.915973,2.9313957,3.1084902,3.3887673,2.5826521,2.3875457,4.7222445,7.0561548,5.6329532,5.0192316,4.2409903,2.2774454,4.5395812,2.908542,5.8145937,4.4958803,2.2142811,7.1245914
GSM1602934,1,discovery,2.7554385,3.0977841,4.3686388,2.7212039,2.9929382,3.2755042,3.2414328,2.9766854,2.5818707,4.356109,1.8768631,2.9306569,3.0278816,4.0278387,2.4291172,2.6315293,3.4179752,3.2979643,6.482103,8.3761817,2.3978285,3.6310438,3.0326224,4.0143952,5.6755061,2.8064995,8.1553816,11.419014,3.2102549,2.5928047,2.9090309,2.8875032,3.0783944,3.4109043,2.5389554,2.1339159,5.5760914,6.2446177,4.6994457,4.4437666,3.8224355,2.3120483,5.0287414,3.2711064,5.7394214,4.5605153,2.3453168,7.6003942
GSM1602935,0,discovery,2.8612483,3.1694752,5.3737744,3.4427298,3.4568495,3.4783601,4.1271388,3.0464763,2.5091834,4.8529492,1.9942803,2.4314286,3.9055406,5.1371934,2.7750176,2.6858011,4.0679926,4.3183952,6.6744693,7.2691086,2.587939,4.8720764,3.5986369,5.2158562,6.5809524,3.5830913,8.2933482,11.367185,4.3163068,2.6324777,4.3966466,4.1764202,3.7594209,5.0018096,3.1938599,2.3830364,4.8866611,6.842852,5.0819324,4.2656435,3.5784767,2.3066734,2.9978946,3.4458394,5.908204,5.244874,2.3140773,6.2192682
GSM1602936,0,validation,2.4266052,4.2552136,4.3947098,2.7639097,2.8771737,3.1251233,3.6531704,3.4318277,2.4821614,4.6260039,2.5795562,2.9564298,2.9853501,4.2716815,2.4830227,2.2732696,3.5112556,2.883336,6.3329894,8.2226022,2.3128402,4.0123268,3.1118743,3.804536,5.3098353,3.1759625,8.1352208,11.453017,3.2274873,2.6653971,2.8774698,3.116427,2.7295432,3.2929348,2.5890357,2.6728559,6.2266016,6.3321,4.7464791,5.4287655,4.5356392,2.3744628,5.2139803,3.3347019,5.8019674,4.2568094,2.393347,7.9734948
GSM1602937,0,validation,2.5891208,3.8001996,5.3132201,2.8662123,4.141091,3.150214,3.6431759,3.6039693,2.4239403,4.4712135,2.2836881,2.8454305,3.3669732,4.7460297,2.9308057,2.4837751,4.2894683,3.99134,6.9866125,7.6047834,2.5610705,5.0173209,3.7376133,5.0599675,6.5188029,3.6274447,8.807714,11.263203,4.1882562,2.7604768,3.6870172,4.1587697,3.9043334,4.2471346,2.4484722,2.4073564,4.6924162,6.8058765,4.9876941,4.196458,3.8213227,2.7469042,2.7703516,3.5340747,6.2668892,5.5387676,2.696968,7.1161898
GSM1602940,0,validation,2.3732271,3.5015532,4.2672288,3.0034686,3.5681751,3.8091572,3.5218573,3.226294,2.6912671,4.1737266,2.8903878,2.7472924,3.7205191,4.5335941,2.7053505,2.0724345,4.1246921,3.0830781,6.2971777,8.2541004,2.8934271,4.689254,3.0102046,4.1955751,5.8338971,2.9942147,8.3327643,11.524557,3.1248754,3.2017582,3.9110578,3.6491631,3.3370749,3.8162088,2.5181325,2.2607152,4.539378,6.4439337,4.9282335,3.6977255,3.3765923,2.6708891,3.2575258,3.9388303,5.339595,4.3491813,2.1164638,5.8782026
GSM1602942,1,validation,2.7612358,3.8181191,4.0358081,2.2236988,2.8944122,3.2947137,3.405625,2.4982811,3.031368,4.4080092,2.4052945,2.7986848,2.6037696,4.5032479,2.0365548,2.3353241,3.1086192,2.9220313,6.2797777,8.6410929,2.2880111,4.0082234,2.9840884,3.9552815,5.6901648,3.0479026,8.4504423,11.480817,2.751785,2.6825078,2.6396015,3.2098995,2.6914345,3.2035758,2.4533851,2.276872,5.0293425,6.3509976,5.0202444,4.5319935,4.6955968,2.4316873,4.8667338,3.4519166,5.7463869,4.2685685,2.7193622,7.8725372
GSM1602943,1,discovery,2.9330667,3.3289105,3.8166433,2.7952337,3.0981924,3.2280798,3.302388,4.028477,2.4053734,4.384483,2.2385984,2.7130392,2.5017611,3.3876534,2.5623908,2.2293589,3.1096777,3.0584582,5.6971347,7.9689535,2.4269021,3.8381004,2.5059498,4.1559358,5.6419015,2.9609919,8.5741383,11.463242,2.8451516,2.5904866,2.5521406,2.6248067,2.5520512,2.8840297,2.7259538,2.127775,5.7102469,5.7253755,4.571279,4.7158307,2.9860542,2.2060604,4.4006362,3.5542336,6.0511078,4.5547405,2.2732308,8.1176421
GSM1602944,0,validation,2.7043441,3.9624553,5.1243989,3.0919644,3.2393878,3.040519,4.2680095,2.6796544,2.8007772,4.6838154,1.670125,3.1284667,3.5503689,5.3305242,2.8331264,2.8963492,3.4366175,3.1165325,6.7462412,7.4623557,2.5941727,4.966407,3.8866946,4.5451048,5.9641707,2.6537405,8.7950021,11.473121,3.8203198,2.8850328,3.6669254,4.0486761,2.927399,3.9270996,2.3926924,2.0587148,5.9509216,7.2414457,4.5240085,5.0366869,4.1071245,2.2803331,2.786834,3.923296,6.300404,5.0365443,2.2323328,5.8198227
GSM1602945,0,validation,2.9187936,3.428749,4.5566693,2.6094313,2.7409787,3.6939554,3.3218568,3.0939825,2.6508874,5.2311275,2.9158452,2.8744377,3.1568004,4.2576091,2.8144574,2.8387391,3.8803046,3.3182876,6.7508683,7.8013464,2.3905003,4.3119927,2.681228,4.8371835,5.9869805,2.8887065,8.5811489,11.528113,4.2110693,2.3522911,3.8054815,3.0616164,2.9887788,3.5860061,2.3323631,2.3166654,5.2880224,6.7140496,5.1676865,4.5931602,3.7975371,2.5329912,2.9606955,3.0610049,5.8909664,4.5872372,2.436717,6.3696577
GSM1602946,1,validation,2.5226061,4.6764695,3.3995868,2.8131277,2.7521733,5.1476865,3.6107741,2.93766,3.108206,4.2830364,2.0960124,2.810219,2.9460036,3.7549951,2.8533121,2.2796943,2.9369325,2.886308,6.2985355,8.6337057,2.3350009,3.09679,2.6019922,3.8396135,5.5369169,2.5240678,8.0620558,11.372569,2.8569729,2.7970995,2.8321323,2.6645788,3.3636821,2.836706,2.1085021,2.6038625,5.7514019,6.4159675,4.9231377,5.7922089,5.3882809,2.0619701,5.5918301,3.0016294,6.1859567,4.3331538,2.2208347,8.2521791
GSM1602950,0,discovery,2.829517,3.6970453,3.6417293,2.8933204,2.9455153,4.2285353,3.4855719,3.6907549,2.7010177,4.1880904,2.3060064,2.9184238,2.2763829,3.8324571,2.3427313,2.2469998,3.4822109,3.1888199,5.6759951,7.1771224,2.2347505,3.6473042,2.5123575,3.8923823,5.2667867,3.0396611,7.9159669,11.747791,2.5307009,2.5832823,2.6530379,2.5738495,2.5407412,3.1694373,2.4153099,2.1363077,6.1217849,6.3538362,5.3565033,5.0935229,3.6609059,2.2973219,3.2062665,3.3640714,6.0365816,4.4238323,2.3156732,5.7002542
GSM1602952,0,discovery,2.7074428,3.7846635,3.9065376,2.8300117,3.019151,2.8542904,3.4381793,2.7550306,2.5989915,4.8981402,2.0046611,2.8651826,2.8052398,3.7494426,2.3466413,2.3570703,3.2772349,2.9576848,5.7002696,8.3986282,2.2826809,4.1664294,2.6840755,4.0575097,5.4481623,3.0028448,8.131744,11.513083,3.1319498,2.6264204,2.7779396,2.4475477,2.8036507,3.4275772,2.7691487,2.2777581,5.0446407,6.199186,5.0310212,4.8619447,3.6221421,2.5009031,3.7955707,3.1535815,6.1150137,4.4909984,2.2700263,8.1833614
GSM1602953,0,discovery,3.1162062,3.2351879,5.260797,3.4894821,2.9452315,2.2343344,4.1272198,4.9798813,2.6286865,4.5757891,2.0122241,2.7629693,3.7060945,5.2839774,2.8034897,2.3366889,3.8902446,4.2674011,6.7686437,7.5579902,2.5038441,4.9667231,3.2503175,5.1386901,5.9265335,3.9419741,9.3877363,10.156213,4.0214354,3.1530558,4.5806933,4.1441881,3.6153745,5.2897678,2.5172302,2.2780804,5.4291154,6.7926879,4.5463646,4.0754207,3.1442227,2.4091842,3.5143454,3.4765241,6.5084812,5.0924766,2.1675039,7.8068411
GSM1602958,0,discovery,2.5859705,4.5386788,4.0012523,2.7798915,2.9241401,3.1350439,3.8176525,3.1219187,2.1589861,4.6771058,2.3137687,2.8950163,3.2341783,4.1216664,2.5016672,2.179865,3.3459209,3.1186186,6.0043882,8.5739708,2.653831,3.8918238,3.0475232,3.811754,5.2897786,2.9653944,9.23734,10.902733,3.2162169,2.5100721,3.1452996,2.5917512,2.7632455,3.2753278,3.0357842,2.1685111,5.2822341,6.4331163,4.7764233,5.201768,4.2858149,2.3084633,5.0701089,3.1684596,7.0017208,5.0550478,2.6242559,8.3945178
GSM1602968,0,validation,2.6427163,3.9027459,3.7817542,2.7037912,2.6088205,2.722221,3.2550177,4.0580892,2.2255169,4.7442789,2.0717929,2.6818697,3.162062,3.9726386,2.1225239,2.1892099,3.4399916,2.9966506,5.5754014,7.9651677,2.4407202,3.4899979,2.9337217,4.0754809,5.7318585,3.0622677,8.9155599,10.864094,2.8553037,2.4641579,3.3397555,2.7954659,2.8161017,3.7632655,3.2143958,2.1957336,5.0722923,6.3164804,4.7160281,4.5674506,4.0142505,2.2601973,4.6598174,4.1501971,6.5177075,4.8867906,2.6538145,9.5056725
GSM1602973,0,discovery,2.6222064,3.6947908,5.689187,2.8936836,2.9160492,2.9355262,3.7729658,3.4765633,2.9196585,4.394226,2.3208093,3.2398416,2.9332501,5.7335903,2.9004581,3.1928141,5.2821619,4.3715189,7.2621425,7.198385,2.6224709,5.1193077,3.6687383,4.8963339,6.5180397,3.5456144,9.1462329,10.122138,5.5742479,2.6934213,4.6886202,4.6220279,4.2036218,5.3087392,2.4392566,1.7752395,3.4055973,7.60223,5.4334355,4.1852142,3.2597648,2.3892135,2.3902745,3.5915324,6.8058444,5.2994618,2.1821385,7.1906949
GSM1602974,0,discovery,2.3960983,3.5661593,5.4839812,3.249825,3.3456778,3.4590344,3.9516193,2.7582516,3.5132503,3.7282996,2.4022781,2.7154065,4.0904227,5.4943287,2.9297368,2.4702284,5.4002988,4.4662022,6.7692401,7.5370359,2.908117,5.1896645,3.6750291,4.8720337,6.5435773,2.9579634,8.6184268,10.715058,4.1775355,3.3643939,4.3741922,4.3588056,4.4918348,5.0840966,2.3596667,1.8802538,4.4848107,7.2090825,4.5500575,4.4092817,3.3013314,3.0308733,3.4280975,3.7033288,5.80261,4.2535651,1.8779512,6.6911725
GSM1602975,0,discovery,2.4421861,3.89564,3.4512967,2.5964327,2.5434945,3.0626361,2.8805042,3.4075708,2.5460122,4.3994162,3.389845,2.6478636,2.4019622,3.5759938,2.2870023,2.0189221,3.215695,2.8844378,5.3911033,8.5009101,1.8357554,3.6279544,2.4873263,3.6207935,5.1867971,2.4666804,7.6267854,11.411808,2.5781949,2.210225,2.6307246,2.0675818,2.1503931,2.8984898,2.7557717,2.612656,4.5244913,6.0851517,4.8475211,4.970197,3.8948737,2.0060115,4.5809004,3.4145136,5.7727234,3.8237229,2.4789247,7.5319958
GSM1602976,0,discovery,2.4750916,3.3288267,4.1886184,2.7484373,3.0332005,3.4702139,3.6985039,2.6180496,2.6973479,4.3402769,2.123363,2.7070768,3.3024087,4.3883626,2.188813,2.5034526,3.6460927,3.4487378,6.6706851,8.8020727,2.2255571,3.9019512,3.1815827,4.7854598,5.4987174,3.3023122,8.3083114,11.347549,3.407604,2.9912799,3.0398383,3.1194754,2.8965606,3.926918,2.0703648,2.2061921,5.0105678,6.8412696,5.1125391,5.0545194,4.4245446,2.9567372,4.9324679,3.1661559,5.1879388,4.3376551,2.2704472,7.0421797
GSM1691861,1,discovery,2.1503064,4.1084364,4.4712733,2.5053645,3.152598,3.8987021,3.5895612,3.3523224,2.4142855,4.2565868,2.6486268,2.6792136,3.0538626,4.1574333,2.4212517,2.2821986,3.484267,2.9374138,6.1305813,8.5024247,2.3070611,4.1821057,2.9898721,3.7741837,5.5582419,3.0852306,7.8426801,11.270469,3.4730035,2.9117415,3.1054619,2.798733,2.7331951,3.4456105,2.3205472,2.1804195,5.8524258,6.5240399,5.1754605,5.5775923,4.0731642,2.185343,5.0924242,3.0434771,5.3724558,4.0951557,2.3229,6.3362054
GSM1691863,0,discovery,2.3592716,3.6909212,4.0204064,2.8904149,3.1688512,5.0286234,3.6957584,3.6936963,2.4102183,4.412055,2.3126397,2.7638906,2.5039024,4.0741817,2.1665456,2.3137947,3.0782509,3.0085709,6.4689996,7.7952637,2.2743767,4.1919223,2.9195068,4.198883,5.5020347,3.0811165,7.9506544,11.576495,3.4256373,2.720216,2.8717353,2.616599,2.7428256,3.7938816,2.2350465,2.4470902,6.023884,6.8626156,5.6311596,5.6935427,4.3169819,2.0275395,3.5066764,3.6217375,5.5761733,3.8656626,2.164755,5.8063638
GSM1691864,1,discovery,2.8426692,3.8408845,4.6505273,3.0388532,3.1971078,3.6132768,3.478083,2.7826174,2.7960871,4.3578534,1.9259182,2.7075352,2.8523869,4.4704769,2.5141548,2.4565781,3.6141405,3.4632481,6.7505785,8.2838803,2.6858279,4.9365051,3.3644862,4.3421549,5.989424,3.302867,8.3206492,11.399772,3.041066,2.5285567,3.3275906,3.5499336,3.0355285,3.8146398,2.4645804,2.0433705,5.1795338,6.5293202,4.8494297,4.5789097,3.9412974,2.7023415,3.5893821,3.1572134,5.5753346,4.8520573,2.229097,7.0539802
GSM1691865,0,discovery,2.0965173,4.0546272,4.2730948,2.8672528,3.0396728,4.3337708,3.9320069,3.3326996,2.4284875,4.0894184,2.0050674,2.6766285,2.6221222,4.1059874,2.4311838,2.3565041,3.444317,3.197512,6.8371853,8.3230618,2.2745268,4.4511941,3.2230542,4.388587,5.5723713,2.546569,7.9551315,11.576908,2.9862834,2.5410103,3.0997006,2.9948115,3.0263745,3.9334364,2.2907128,2.4749913,5.6589984,6.6051214,5.0446707,4.6023145,4.2495286,2.5527613,4.311275,3.4996431,5.9976264,4.1909003,2.1062468,7.450128
GSM1691866,0,discovery,2.5739916,3.1604377,5.0190847,3.3068062,3.1734624,3.7672364,3.5419738,3.3438574,2.1887149,4.165566,2.8716879,2.4762785,3.4373888,4.890554,2.9412308,2.8387925,3.9985475,3.9792725,7.1134846,7.7574258,2.9367033,4.8899589,3.5487491,4.7049913,6.2803305,3.3863264,8.1687442,11.422086,3.911516,3.2118542,3.6822066,3.8044235,3.4185237,4.4318606,2.5575954,2.1462157,5.2790967,6.9256554,4.8953785,5.0532698,3.6322886,2.7655674,2.9945111,3.0860313,5.6790854,5.1945043,2.2115393,5.5256135
GSM1691867,0,discovery,2.5211723,3.4936946,4.8699822,3.007887,3.1457451,3.354674,3.4448659,3.109495,2.5471688,3.9641904,2.3643721,2.5944411,3.4253692,4.5252648,2.845331,2.7175243,4.0250923,3.3287695,6.5631056,7.83016,2.6335184,4.5001199,3.0945446,4.2299298,5.8399422,2.9010871,8.7188248,11.241588,3.5382724,2.7655302,3.4039562,3.5082815,3.236152,3.6425846,2.2687872,1.9738147,5.21678,6.5533686,4.5420379,4.3567182,3.6705374,2.4251976,3.4339324,3.218171,6.0084638,5.0797873,2.3593704,7.7577
GSM1691868,1,discovery,2.5453275,3.9720917,5.2279283,3.5833255,3.0628169,3.3693416,3.6952774,3.3020776,3.0394306,5.1408233,2.0066808,3.0185148,3.2932666,5.0815279,2.9914381,2.4338779,4.4002204,3.6828139,6.8069091,7.6369109,2.3749035,4.4867709,3.2038923,5.0021618,6.4525401,3.193758,8.832301,11.275078,3.8902545,2.6758506,4.3893446,4.0190711,3.7503593,4.8606654,2.6472363,2.4151058,4.3842442,6.8891344,4.55144,4.3223255,3.4527868,2.9488948,2.9339218,3.541843,6.4727685,4.9818265,2.0819848,7.012079
GSM1691871,0,discovery,2.7511464,3.4861382,4.003113,2.6403612,2.9731137,4.8759515,3.4327746,2.8386238,3.3203197,3.9282713,2.5828761,2.4860156,2.6848418,3.9156486,2.0495186,2.5996902,2.8495654,3.1973108,6.6561479,7.8223697,2.4898609,4.5362113,3.4226724,4.6547143,5.9948871,2.8096099,7.5768579,11.457032,3.2823095,2.6359032,2.7268547,2.6628058,2.6754398,3.6875535,2.3391597,2.6444108,6.2208779,6.9039438,5.6076748,5.8800571,4.7006162,2.496738,4.3339523,2.9276463,4.8576991,3.2540462,2.6673615,5.559244
GSM1691873,0,discovery,2.6738319,3.4876569,4.1811891,3.2046948,3.0846896,3.2845132,3.1504184,3.8734636,2.5356993,4.443135,2.2041384,3.2726122,2.6428853,4.3257169,2.5137329,2.4680251,3.4439674,3.2205487,6.2313519,7.5355713,2.4050568,3.7791469,3.0511419,4.2407165,5.8438973,2.9224603,9.0618617,11.397694,2.9607343,2.4453868,3.1245174,2.4933532,2.9364775,3.3665648,2.6826045,2.6466091,5.0383072,6.3263014,5.0462282,5.0599588,3.983739,2.1961653,2.8937218,3.6810349,6.6135508,4.9053126,2.5705104,8.3486621
GSM1691874,0,discovery,2.4013877,4.3874406,4.0946646,3.0285359,2.8074825,4.5930169,3.4774576,2.6808022,2.847974,4.3634007,2.356046,2.547044,2.679388,4.1224372,2.5936363,2.3066886,2.9876237,3.1997703,6.4499596,8.2243453,2.6935314,4.3500979,3.1855103,4.0668903,5.795318,2.9765188,7.4462324,11.68933,3.1201676,2.5176716,3.997247,2.8952513,2.867846,3.486732,2.3324374,2.3906525,3.5170962,6.4884933,5.1198174,4.1234986,3.1666766,2.5176269,3.7739423,3.3799529,5.1926955,4.0893322,2.0309288,4.8052915
GSM1691875,0,discovery,2.6628764,3.517411,3.390584,2.0508537,2.4452186,3.7450717,2.957505,2.511179,2.4053855,4.6920773,2.1886034,3.0579629,2.8750129,3.5718339,2.5347273,2.3122886,3.0919923,2.5823982,5.7275386,8.8961856,2.1841533,3.7067965,2.1270722,3.8025541,4.6613651,2.7935073,8.507245,11.26878,3.2103573,2.555782,2.609836,3.0237348,2.598367,3.6094248,3.0825168,2.1643018,5.1802695,6.259026,5.0698937,4.3810858,3.2904055,2.7304025,5.4706941,3.0052554,6.12755,4.266649,2.9782159,8.7191762
GSM1691877,0,discovery,2.6123941,3.3777615,3.8759264,2.8383662,3.2390219,3.2031665,3.2982327,3.2295662,2.493818,4.2468818,2.316569,2.5538119,2.7513531,4.2777319,2.7653439,2.3499053,3.2867317,3.1894825,6.3610853,8.1933509,2.2477045,4.0910356,2.6547147,3.8663489,5.8424895,3.0766569,8.0109355,11.324693,3.3177122,2.530228,2.8013486,2.8666227,2.6458003,3.6459049,2.3962547,2.208488,5.451221,6.4269653,4.7027324,4.3074138,4.2226111,2.4099409,4.5890777,3.1896412,5.7447812,4.22506,2.2372533,7.6542561
GSM1691878,0,discovery,2.9081547,4.7655806,4.1403296,3.2557516,3.4835689,3.9969733,3.5824894,3.6140762,2.2334269,4.4166509,2.2938137,3.0974965,2.51118,3.6964402,2.274497,2.333579,3.3234015,2.5465655,6.4461251,7.9677063,2.2033702,3.945938,2.8313468,3.7280558,5.8192566,3.1164315,8.3363581,11.67852,2.5664197,2.6397504,2.3276997,2.5702793,1.9465309,2.4644444,2.6099703,2.0026251,4.6405997,6.658485,5.5160896,5.2243121,4.3301767,2.1033086,3.4572569,3.8328463,5.9619626,4.3695916,2.2416008,5.1013383
GSM1691880,1,validation,2.6873165,3.6750835,4.582321,3.3373025,3.0282023,3.2913847,3.4957847,3.2903012,2.8383808,4.5337891,2.3342736,2.5886941,3.1941723,4.4934217,2.6907551,2.3445208,3.5346619,3.2117304,6.0458665,7.7878548,2.6790523,4.6189704,2.988444,4.7610108,6.0909121,2.9177178,8.3528129,11.252821,3.2490771,2.7687049,3.4410739,3.368406,3.1016118,3.9680844,2.6135377,2.1165433,5.2906597,6.2693832,4.5900549,3.9963091,3.3891254,2.8268014,4.3275365,3.2834586,5.8941482,4.8364344,2.3069835,7.5523415
GSM1691882,0,discovery,2.4133032,3.3052332,3.8201036,2.6046798,2.7238262,4.4025867,3.6147726,2.7135698,2.7847831,3.7369681,2.1594677,2.022399,2.4814779,3.2797784,2.3022367,2.5113542,3.0335971,2.9257877,6.2188683,8.35722,1.7254488,3.7207736,2.4509759,4.1331709,5.4003818,2.3056517,7.4352602,11.848235,2.4233471,2.4469058,2.7219799,2.6600729,2.3430403,2.7715463,2.3756983,2.5023537,6.0989015,6.2275809,4.8317184,5.0860913,3.3860508,1.9334057,5.448833,2.5668218,4.612619,3.616207,2.2962632,6.9046088
GSM1691883,0,discovery,2.5414925,3.6146411,4.455775,2.1956332,2.960625,2.7297301,3.3480573,2.9077179,2.6266362,4.0842946,2.3947195,2.4403988,3.1114911,4.2872526,2.4932548,2.475062,3.768395,2.9794121,6.2018263,7.9342154,2.2997419,4.7421066,3.1046434,4.0116025,6.0071039,2.4138604,8.5571837,11.187381,2.8081709,2.6149242,3.3328512,3.1737254,2.9664373,3.5872179,2.4957374,2.2331601,4.3159897,6.8063239,4.8516411,4.1849844,4.0858927,2.2695544,3.1473462,2.9088341,6.0323925,4.6242471,2.8640545,5.9758473
GSM1691884,1,discovery,2.9948865,3.4041944,4.1646019,3.2431654,3.0579251,2.9975277,3.05547,3.0239632,2.5756354,4.5893461,2.2511037,2.437521,2.5402949,4.0737231,2.4031395,2.2200556,3.2286524,3.1027687,6.2132645,8.1519135,2.1807493,4.1901808,2.7042261,3.9295427,5.5418381,3.2575497,8.3531221,11.574345,2.4376221,2.4494001,3.1350728,3.1439316,2.6970325,3.9079776,3.1040087,2.1154026,4.4962435,5.9739135,4.9862434,4.6545151,3.3608646,2.6044207,4.740873,3.2533513,5.6510949,4.3887437,1.6932636,6.1439955
GSM1691885,0,discovery,2.6147455,3.6851719,3.9414225,2.5890132,2.5193791,3.0761752,3.1266261,3.2509869,2.3778676,4.2157647,1.9666106,2.8134011,2.807508,3.5735594,2.3305484,2.5424156,3.3142665,2.9686386,5.6782344,7.9536091,2.4304519,3.6226918,2.9206409,4.0881429,5.2956054,2.7259612,8.3611274,11.371046,2.6041849,2.4887392,2.4396077,2.8907961,2.6114747,3.2934208,2.572497,1.8503623,4.97901,5.8986937,4.7956742,4.8622598,3.8563864,2.3580877,4.9114636,2.936232,5.9124357,4.2343023,2.743007,8.3396481
GSM1691886,0,discovery,2.283936,4.8255365,3.6334954,2.3593021,3.0252346,3.4776161,3.2089322,2.929672,2.7721148,4.977616,2.2409254,3.0730373,2.249066,3.5833518,2.3499884,2.3961748,2.8396472,2.8195927,5.7335032,8.6559836,1.9038742,3.9756465,2.3950265,3.8617892,5.4714643,2.9213626,7.9383496,11.214502,2.9118297,2.282003,2.71909,2.385655,2.7334347,2.623996,3.3533238,2.3148325,5.1745959,6.3154006,5.3648176,5.4986657,4.134196,1.9954227,5.2684371,3.8087074,5.5595672,3.8724903,2.2982382,7.3947792
GSM1691890,0,discovery,3.2489906,3.6157949,3.6796095,2.6317637,2.5596228,3.3370692,3.4915828,3.3834531,2.3767865,4.6553808,2.2135934,2.6803112,2.4556503,2.9220435,2.3042323,2.0640075,2.9500051,3.1956912,5.9303651,8.4845268,2.0597762,3.6464535,2.2225466,3.8628065,5.1588046,3.0747207,8.1568896,11.396579,3.0050055,2.1273269,2.7959627,2.9078037,2.4179545,2.8355189,3.1130378,2.534003,3.986174,6.0997546,4.8202662,5.2183692,3.9065496,1.8975426,4.240239,2.938955,6.064284,4.2905192,2.2888127,8.1334788
GSM1691893,0,discovery,3.0538379,3.729897,5.5640418,4.374018,4.5557866,3.265285,4.217759,3.2637227,2.6704515,4.7671265,3.5287622,2.4936512,4.331366,5.5225394,2.7565824,2.9276813,4.8257633,4.2894906,6.7809111,6.4267303,2.5921442,5.2415047,4.6912619,5.2633584,6.2888975,3.8288855,8.6099388,9.9620549,5.271703,3.2934515,4.4385099,4.5259801,4.2356567,4.9556347,2.8220092,2.1533225,3.4428201,7.2001113,5.3195894,5.97471,3.1732971,3.3517705,3.1216352,4.0746232,5.7376606,4.9792526,1.9870022,4.3349264
GSM1691895,0,discovery,2.6471194,3.4948047,4.2330564,2.700796,2.871997,3.7697123,3.7260956,3.6243267,2.5309994,4.2399795,3.0880773,2.6559782,2.7315529,4.2666684,2.9588277,2.5062333,3.6102157,3.0403299,6.8089078,8.069386,2.3462703,4.3864555,3.0390146,4.5041838,5.9810131,3.0095464,8.7049333,11.284494,3.3713441,2.87542,3.3461417,2.9989075,2.9985979,3.9210331,2.4251201,2.4027781,5.5710684,7.1670897,5.475438,5.4842004,3.9492691,2.1489721,2.642463,3.9507563,6.0195246,4.7988968,2.601202,6.2524271
GSM1691896,0,validation,2.6198184,3.6074684,4.8942699,2.9517985,3.5132547,3.6536207,3.5237225,2.7257002,3.5616419,4.2825571,2.4776279,2.4314105,3.3451657,4.7151254,2.3147134,3.0942567,3.8734588,3.8523135,6.9004814,7.4350651,3.3198447,5.5013168,3.2579406,5.1263219,6.6101115,3.0960036,8.605576,11.404933,3.9909694,3.0063126,4.1016909,2.7560331,3.4119292,4.3008898,2.1911382,2.7309493,5.6286335,6.7853067,5.0292409,4.6267484,3.4465874,2.5072147,2.4323753,2.7915015,5.6969576,5.2934342,2.4043159,6.4956513
GSM1691897,0,discovery,3.2751031,4.1874447,4.4014422,2.9897151,3.5994369,2.9899685,3.5096451,3.0407983,2.4271034,4.2099219,2.3656647,3.01038,3.2091416,4.1758788,2.4667518,2.6733278,3.7819185,3.8854889,6.6092765,7.4381709,2.8816057,5.0439772,3.2500237,4.5890395,5.7339628,3.0847165,8.8549123,11.71891,3.1526746,2.7650864,3.319624,2.9995736,3.2104438,4.0732241,2.2526211,3.1476124,5.0710785,6.714873,5.4389274,4.7993701,3.8669342,3.0185962,2.3936984,3.4764682,6.1209845,4.9504834,2.3735654,7.022441
GSM1691898,0,discovery,2.7160594,3.226476,4.0408029,2.6582859,3.3051542,3.5187471,3.1665224,3.0205347,2.5414396,4.2710854,2.7856606,2.4522053,2.6849182,3.793899,2.4970878,2.8806985,4.1803584,3.0118895,6.3124367,7.995036,2.4175309,3.8850519,2.7642307,4.0504287,5.6905354,2.9851439,8.491045,11.521195,3.0977418,2.8332203,3.4683312,2.8956656,2.9669489,3.4878791,2.759321,2.3607732,5.155582,6.5799977,4.8728838,4.9519073,4.3938592,2.2126871,4.4732599,3.454333,5.8713652,4.3938808,2.9365763,7.7890373
GSM1691900,1,discovery,2.5677137,3.4977189,4.0409553,3.2287162,3.4560601,4.1749221,3.2626443,3.4450458,2.7401901,4.2013501,2.3323821,2.8189463,2.7896784,4.078249,2.4195593,2.8553493,3.407909,2.6000832,6.8697643,8.1289343,2.1731689,4.6085411,3.103748,4.5775147,6.163947,3.0878672,8.3947359,11.515793,2.9975738,3.1162653,3.0595896,3.0520543,3.1328602,3.2132701,1.9202393,3.1843348,5.1811215,7.0833814,5.2509674,4.4122524,4.5481282,2.3922932,2.3261745,3.2678911,6.1930633,4.5332263,2.4364912,7.2336476
GSM1691901,0,discovery,2.551764,3.914977,3.6371664,2.7662075,3.1608753,3.4879212,3.6035943,2.9171165,2.6531888,4.3934011,1.9082984,3.1034155,2.7184349,3.9966729,2.826607,2.2405409,3.2851609,3.4691569,6.4181783,8.7073851,2.2714396,4.0561879,2.7152178,4.1789514,5.6464245,2.9658049,8.8256061,11.645812,3.0142607,2.6542694,3.019067,3.1522115,2.5948187,3.3882898,3.2530961,2.0954825,5.4137219,6.2326683,4.7447416,4.6787842,3.6265994,2.3201857,5.26268,3.0470884,6.264666,4.6713926,2.2850602,6.7299577
GSM1691903,0,discovery,2.7547842,3.4768327,4.9263322,2.9570648,2.7062073,2.9419317,3.4955082,3.5492819,3.2509371,4.1162419,2.2284946,2.437594,2.6156834,4.7061194,2.6190341,2.5573512,3.5734431,4.7408933,6.7521041,7.247414,2.2210461,4.2143936,3.6168226,4.5200081,6.3485147,2.9191784,8.7957929,10.961479,3.6763992,3.5960699,3.0788871,2.7393305,2.9756473,3.5779897,2.3407334,2.0700021,4.7796826,6.0642638,4.8540729,3.3627798,3.3285918,2.6010511,2.1651577,3.3135567,6.3613798,3.9461605,2.0228259,8.6086263
GSM1691904,0,discovery,2.8879119,3.6669713,3.1809523,2.6089639,2.8126249,3.6386505,3.3275095,3.8480953,2.5001353,4.3494186,2.2167525,2.9569391,2.841155,3.8992347,2.1283435,2.8934938,3.1370326,2.8330018,6.153828,7.8519349,2.0235278,3.780119,2.7181554,4.253089,4.7802482,3.186232,8.2394862,11.49175,3.0435878,2.5161139,2.8351251,2.6757385,2.5100426,3.1648546,2.3764651,2.5093294,4.9916841,6.8024227,5.1638717,4.5845925,4.4156908,2.8748093,3.7821303,3.3269678,5.9124671,4.1237848,2.3392264,7.0275644
GSM1691905,0,discovery,3.2349336,3.4971231,3.485828,2.8517823,2.9419244,3.0209709,3.6375052,4.6127233,2.8767575,4.4900256,2.6294551,3.0590587,2.0340508,3.592721,2.7541745,2.1031064,3.3464804,2.401863,5.7488694,7.9285293,2.0525854,4.1191903,2.4123088,3.67427,4.9631452,3.091697,9.077899,11.077959,2.8921626,2.3099605,2.8630909,2.7261559,2.5995023,2.6387073,2.2388986,3.3253858,4.6821916,6.768559,5.234865,4.7370717,3.7578999,2.3928281,3.0178719,3.5937308,7.3987821,4.6068975,3.1782642,8.9143467
GSM1691909,0,discovery,2.6800267,4.1467834,3.1376495,2.6792793,2.9585046,3.8205235,3.2334909,3.9372513,2.5424353,4.3349502,2.3838858,2.9335708,2.7742587,3.5102278,2.2261668,2.4473879,2.8328806,2.9690697,5.6838905,7.6091858,2.2369511,3.6343592,2.4268718,4.0393414,5.230914,2.4166762,8.3521352,11.32328,3.1559172,2.6437147,2.5717854,2.5608845,2.228022,2.7512933,2.2138339,2.4164272,5.2050918,6.7603841,5.4888305,4.7552636,5.4854325,3.1645118,3.9074415,3.1722152,6.4379495,4.4619264,2.7059606,8.3476446
GSM1691911,0,discovery,2.9323057,4.1432254,3.8345569,2.9061687,2.9717341,3.301521,3.210755,3.0054022,2.5242378,4.3559972,2.4714654,2.764629,2.5032297,4.0828313,1.9791402,2.3268241,3.5209639,3.0195616,6.1721129,8.2435118,2.3168561,4.0839207,2.676499,3.8703289,5.5469031,2.9377059,8.611307,11.022744,3.0406355,2.3796656,2.2203106,2.5965904,2.598381,2.7461253,2.915296,2.2048242,5.0649034,6.5885512,5.4283305,5.0951905,4.4286616,2.0031153,4.499517,2.7775583,6.4884022,4.2729695,2.3578289,7.5130161
GSM1691915,0,validation,2.6239105,3.9589135,4.7740009,3.1848001,3.4011475,4.062144,4.0316506,3.5425068,2.5825881,4.2978722,2.610237,2.6882145,3.5915229,4.916938,2.4924529,2.6038257,3.9472833,3.4239324,6.8430198,7.5274754,2.9231006,4.6720225,3.552285,4.3442003,6.1514674,3.3277104,8.4035883,11.398886,3.603159,3.2158996,3.812002,3.3258696,3.6787589,4.4461727,2.4732511,2.3500899,5.9071941,7.4549054,5.4800111,5.9683639,4.1537301,2.3119174,2.762491,3.1383116,5.5127376,4.746469,2.13082,5.750761
GSM1691918,0,validation,2.673349,3.7592054,3.8493352,2.7202909,2.6158238,3.6611,3.4386357,2.6582068,2.4935007,3.6556334,2.2135734,2.522191,2.6215575,3.9141741,2.3694277,2.3162466,3.158194,3.1090991,6.2954633,8.3063057,2.4667134,3.9629672,2.7193618,4.103253,5.2898402,2.6758484,8.1712549,11.221426,2.787898,2.4663854,2.6073021,2.7211067,2.5870748,3.134245,2.6106839,2.5358404,5.3688194,6.3418871,4.7611265,5.1803272,3.9255494,2.3668235,5.1612235,3.0847217,5.6712967,4.4525857,2.8690285,8.2446957
GSM1691923,0,validation,2.7198805,4.6986078,3.895639,2.6360567,2.8787712,2.9401012,3.1311163,4.4917301,2.6808972,5.5688491,2.1265671,2.6611918,2.5835299,3.8591679,2.3774399,2.2336513,2.9654858,2.82459,5.5873001,7.9346161,2.2073369,3.8326721,2.864576,4.0621344,5.2175924,2.6419726,8.2988134,11.010202,2.6554871,2.3082336,2.5932593,2.5593902,2.7043405,3.1590996,2.8691468,2.0052471,4.6286475,6.3669032,4.8709011,4.0383882,3.7317025,2.5208056,4.6763366,3.4778011,6.29051,4.4477861,2.4289276,8.501297
GSM1691925,0,discovery,2.4477285,3.2432608,3.1449229,2.3628888,2.9127353,3.6850001,2.7094393,3.0154102,2.3113597,4.2018922,2.3864425,2.6696055,2.4887014,3.3312394,2.1491231,2.2388773,2.8462316,3.0077492,5.8571475,9.1284199,2.0512045,3.6876923,2.2151271,3.6976716,5.1922637,2.2354319,7.9763953,11.336692,2.987046,2.4494375,2.4462652,2.072318,2.0012898,2.6284525,3.1973285,2.5922665,4.7477925,6.1544772,5.0023691,5.1516292,3.4042802,2.2826772,5.3278255,3.0233123,5.8226705,3.971458,2.980199,8.8615109
GSM1691927,0,validation,2.4235012,4.6680741,4.0549505,3.1659151,3.3641113,2.7126321,3.7722908,2.2431307,2.378362,4.4118967,2.4956271,2.3485259,2.7351914,4.3108595,2.5141937,2.238059,3.6493116,3.038006,6.5340129,8.4778146,2.349944,3.7838316,2.9994872,4.207724,5.8144303,2.9728762,8.5501093,11.169873,3.0162119,2.6230226,2.5307458,2.9647559,3.2210258,3.3367739,2.0260588,2.1025969,5.9230264,6.7222095,4.9928712,5.3342404,4.012954,2.4877244,4.8936432,3.3661251,5.7601563,4.7049766,2.76597,7.9492945
GSM1691928,0,discovery,3.1641642,4.1888529,4.1938207,3.3176947,3.1423498,3.1687494,3.5165376,4.1354482,2.1938477,4.4719714,2.5148666,3.1449656,2.6832051,4.2625884,2.8234949,2.12193,3.1758253,3.0866858,6.0954593,8.1741973,1.996704,3.9941686,3.1343437,3.9944128,5.4497632,2.8510703,8.7272557,11.685563,2.8633151,2.3404103,3.0992185,2.6321081,2.453685,3.2674192,2.6944365,2.9024834,4.8391053,6.6375327,5.102911,5.1656045,4.3166352,2.1291489,3.1672395,3.7994619,6.226281,4.973222,2.4020258,7.454758
GSM1691929,0,discovery,2.559013,3.9737834,4.7541134,3.182613,3.5068837,3.4554855,3.5438214,3.6157185,2.5720358,4.7994159,2.3312599,2.7090988,3.5234906,4.8719073,2.136964,2.8822698,3.5036411,3.3249218,6.9626367,7.6570111,2.5249524,4.6571949,3.4046576,4.5653068,6.035262,3.5626842,8.1767854,11.565582,3.9867224,2.6758094,3.9665331,3.5087449,3.3825064,4.0474949,2.2077983,2.4427692,5.0952808,7.0362949,5.3203737,5.1415035,4.2739212,2.7411882,3.0509619,3.9652353,5.3477397,4.8547312,2.2564282,4.9316807
GSM1691932,1,discovery,2.8987151,3.8542994,4.4271281,3.1993236,2.8987728,3.2948441,3.5260786,3.0765257,3.1086011,4.9702075,2.7958311,2.4815404,3.0078387,4.3741402,2.4947052,2.3462784,3.3500929,3.377034,6.7302822,7.8503341,2.7127044,4.6764603,3.1432368,4.0741046,5.7125194,3.5389252,8.526821,11.622725,3.194076,2.8868739,3.4376538,2.8658209,2.8633893,4.2418285,2.4690926,2.28329,5.056391,6.2912643,4.7584434,4.3967123,3.63014,2.7567317,3.8398112,2.9451986,5.460386,4.6475979,2.4949307,6.9630633
GSM1691933,0,discovery,2.5253693,4.2255817,2.7590605,2.1080684,2.6979889,3.4286434,3.1632825,2.9143181,3.0643393,4.1419819,2.212372,3.2298446,2.275882,3.5858355,2.0559722,2.0366418,3.0252012,2.9713378,5.9100595,8.8001937,2.3052176,3.6417642,2.4854075,3.6671519,5.0384757,2.6265579,8.2277269,11.354516,2.7396359,2.6832855,2.4517019,2.1696601,2.4436551,3.1362306,2.4284988,2.5721474,5.8328784,6.6647853,4.9822441,4.8804341,4.4801226,2.0262386,6.1721286,2.9780484,5.5172523,3.6829568,2.6391208,7.5503922
GSM1691934,0,discovery,2.3712369,3.1437788,3.393969,2.4347552,2.6064495,3.2046997,3.2209726,3.0693613,2.5870348,4.29922,2.7396403,2.7956512,2.417108,3.630788,1.9993916,2.6112287,3.102134,3.1130543,6.0010583,8.6455147,2.145616,3.6058765,2.5640893,3.7702728,5.2655609,2.8206089,7.9645296,11.610351,3.0358514,2.6172618,2.9286809,2.3769035,2.7897608,3.1010234,2.5931495,2.3653746,4.8104133,6.201208,5.1156944,4.7459167,4.0147569,2.2856448,4.2760925,2.9477243,5.7309659,4.0923327,2.5607442,7.4034423
GSM1691935,1,validation,2.4639132,3.3894529,4.549189,3.7040693,3.4566573,3.8845203,3.6820066,2.992546,2.5939968,4.1589493,2.3548246,2.5044605,3.4335104,4.6842676,2.6695477,2.5421952,4.009701,3.6716315,6.928405,8.2571167,2.3305203,4.7950906,3.4040033,4.3861502,6.0167245,3.3106785,8.0200169,11.667605,3.0472485,2.7906208,4.0086412,3.4352689,2.7437793,4.1209767,2.5216001,2.1416242,5.6925194,6.6833089,4.6698391,4.923251,3.7496159,2.2901397,4.6829386,3.8416035,5.310673,4.7311865,2.3113378,5.3740617
GSM1691937,1,discovery,2.3737611,3.3093628,4.3935861,2.6655213,3.0348045,3.0846661,3.5284647,3.7057499,2.5487316,4.2102603,2.2042754,2.8735799,2.8569323,4.38776,2.8666208,2.5764007,4.1143489,3.2780499,6.2727509,8.3501829,2.1213882,4.6116207,2.8535323,4.567591,5.8270776,2.8877804,8.5291463,11.014674,3.2564468,2.2975806,2.736467,2.9977553,3.3507219,3.5794776,2.5891664,2.2194716,4.7478301,6.8005561,5.2797736,4.7879903,5.794679,2.0264634,4.0171085,3.2869744,5.7969975,5.1197437,2.4608371,7.8890478
GSM1691938,0,discovery,2.7255586,3.1420086,4.4182066,2.7521503,3.1704946,3.4769005,3.7853343,3.536762,2.5624269,4.7586127,1.9627979,2.7628492,3.1211716,4.3130915,2.459107,2.4188898,3.5470864,3.3536124,6.6349124,8.1221905,2.3717165,4.3327779,3.3410394,4.3607375,5.8553977,3.3203695,8.6351154,11.299738,2.9870653,2.9140294,3.3422941,3.1386334,3.1350885,3.816636,2.7819367,2.0357849,4.6769055,6.870348,4.926058,5.141404,3.5970072,2.1020835,3.2007518,3.0230068,5.6426364,4.6207806,2.628792,7.5405873
GSM1691941,0,discovery,2.4069605,4.1738802,4.1391496,2.6139726,2.6792297,4.1241076,3.2911507,2.5375033,2.7227278,3.7606431,2.1875594,2.2220207,2.2696688,3.714648,2.3907218,2.180319,3.960334,2.8679452,6.4255516,8.71531,2.2428221,3.4562447,2.7243658,4.0672355,5.7143094,3.0021527,8.1816948,11.511012,2.8421923,2.9426401,3.1377229,2.7015556,2.679114,3.0661696,2.4421951,2.5288451,5.3306231,6.3933164,5.0254375,4.9224498,3.9162369,2.304249,4.7535924,2.5949009,5.5269685,3.7711138,2.3374877,7.2318677
GSM1691942,0,validation,3.0493655,3.2479767,5.1018562,2.645115,3.4369872,3.1524587,3.8977369,2.837525,2.2486459,4.2076474,2.0202179,2.5015599,3.5895297,4.9679687,3.4547653,2.9411505,4.6282397,3.5736373,6.4688616,7.0029594,2.8246555,5.0984026,3.9275107,4.3708553,6.5272232,2.9394943,8.6198066,10.76073,4.7826383,2.9350682,3.9796741,3.6196327,3.5426502,4.4471271,2.2170075,2.407998,5.0206367,6.9261097,5.4150304,4.0399966,3.3814293,2.4590589,2.8148877,3.2130476,6.2837154,4.7507563,2.3422974,4.8563864
GSM1691943,1,validation,3.1111317,3.2527183,4.8914043,3.2897696,4.0935583,3.0466977,3.7686638,3.6220938,2.6983233,4.6653962,2.1802013,3.2659889,3.5865967,4.730584,2.548111,2.6824907,4.1342067,4.0294765,6.4392613,7.7413059,2.6245263,4.652576,3.2160538,4.8787176,6.5731293,3.5243701,8.2837187,11.293507,3.988908,3.1308076,3.8085953,3.4735621,3.2533832,4.568883,2.5570663,2.2948589,5.4980685,6.7886552,4.3039514,3.5166509,4.4095824,2.3998469,3.2139083,2.9284983,5.4296432,4.8028956,2.1086735,6.7070849
GSM1691944,0,discovery,3.05925,3.8340746,4.2936692,3.8047554,3.4140143,3.1608228,3.4742082,3.2595417,3.0115881,4.2026523,2.3011863,3.0002857,2.9246585,4.5156942,2.7471293,2.6903519,3.9117618,3.0673554,6.610759,7.4553848,2.5096546,4.4990678,2.9506631,4.3701197,5.8061649,3.4084632,8.9694762,11.309698,3.4031047,3.4594811,3.9426402,3.3079376,3.2550658,3.2724159,2.2352714,2.113964,5.2181477,7.0773571,5.2161237,4.959696,3.4536643,2.5421426,3.0588267,3.12626,5.7311993,4.8894359,2.6160791,6.0807905
GSM1691946,1,validation,2.5229276,3.304562,4.0553079,2.9042064,2.8018099,3.820986,3.456336,4.2126885,2.6579673,4.1909088,2.827622,2.8963855,2.4095644,3.9778141,2.2017011,2.5355288,2.9805621,2.977085,6.5476131,7.5791209,2.6921496,4.2210644,2.857106,4.0716455,5.423431,2.7424752,8.5907025,11.685136,3.2356893,2.6639075,3.5649578,2.9781072,2.9911062,3.1672464,2.1728801,2.4714207,5.4979752,6.4387862,4.6761863,5.0113071,4.0752632,2.5336682,2.9933816,3.8393203,5.7664653,4.3544078,2.8017316,6.7526
GSM1691947,0,validation,3.0250368,3.5983407,3.3906683,2.6904912,2.9543256,4.588899,2.7416374,3.8965442,3.4294224,4.0800666,3.5227077,3.0263039,2.4176306,3.5103927,1.8884116,2.1709536,2.9620834,2.4772027,6.1685187,7.8904584,2.1847956,4.1292027,2.4016904,3.9813477,5.2528799,2.8265981,7.8909981,11.498112,2.28867,2.4861908,2.2622928,2.4161826,2.5615835,3.4401069,2.4658307,2.71507,6.1313957,6.4338703,5.3384036,5.879139,4.1230986,2.5106164,3.8251195,3.5131647,5.7016983,3.769733,2.3983693,5.6562802
GSM1691953,0,validation,2.6138288,3.5842625,3.7188284,2.183694,2.9420749,3.3088962,3.2083646,3.0523552,2.8163987,3.8165246,2.8883208,2.7038224,2.0358444,3.5458811,3.053343,2.2199777,2.9352772,3.2094652,5.8772134,8.2057612,2.1200331,4.0022545,2.7641832,3.9783255,5.4624471,2.4198832,8.7340158,11.332733,2.4504589,2.6009043,2.6067944,2.5912586,2.7060282,3.0081378,2.2835501,3.1213748,4.9606825,7.107574,5.7286838,5.1613379,4.5012319,2.2825226,4.1783225,3.6153764,6.7403803,4.589771,2.5901674,7.6238483
GSM1691954,0,validation,2.8471371,3.23458,4.2937813,2.8189535,2.9310218,4.2146435,3.5013152,3.1368139,2.434062,4.1726878,2.3415955,2.4229669,2.7625296,4.3687238,2.5904971,2.4901462,3.2105904,3.3565541,6.5971416,8.1890085,2.6528281,4.3694438,3.0342192,4.1353579,5.3338951,2.9423054,8.16298,11.696453,3.1326531,2.6304396,3.0354013,3.137631,2.7913602,3.3582484,2.4028562,2.6217835,4.8956236,6.4728313,4.9072616,5.3167141,4.1739076,2.1889655,4.4789416,3.199171,5.6526309,4.4134318,2.1577948,6.2560936
GSM1691957,0,validation,2.5097871,4.2128335,4.5130212,3.0147541,2.9078902,2.9835883,3.7475677,3.7264492,3.050157,4.4254847,2.3584733,2.4920162,3.0695755,4.6082476,2.400637,2.3318335,3.5091803,3.6415186,6.6749966,7.6311583,2.7196241,4.1218524,3.2773539,4.3199639,5.5513621,3.1683618,8.7724473,11.054346,3.7150665,2.5020914,3.5587151,2.8602974,3.3461755,3.1595766,2.8803189,2.2794366,5.3463685,6.750053,5.2969709,4.3521356,3.9453658,2.3333409,3.6887038,3.1196993,5.7377907,4.8226746,2.4130294,6.2928722
GSM1691959,0,validation,2.326075,4.6285133,3.3725053,2.9513174,2.2886504,4.1986691,2.8118277,3.4423837,2.8599646,4.2987425,3.3861251,2.5703938,2.6415584,2.8626544,2.2537462,2.1727651,2.732974,2.8379086,6.2385531,7.692683,2.4036882,4.6340641,2.8314398,3.7989192,5.4211108,2.7492439,7.8259521,11.604659,2.0246454,2.3824727,2.8268407,2.5280221,2.6249652,2.639226,2.4512517,2.2241711,5.9260635,6.5489154,5.483403,5.9534869,4.6032379,2.4146862,4.3304602,2.6155076,5.6691428,3.8949562,2.2930172,5.5992606
GSM1691960,0,validation,3.009932,4.0076418,3.5684597,2.5770013,2.8513237,2.9182312,3.13596,4.3409256,2.5287242,4.5562948,3.055083,3.1125202,2.293753,3.3419834,2.3812765,2.3357418,2.8835756,3.3458344,5.6514705,7.7967036,2.2284592,3.6491395,3.0636254,3.8954255,5.0933446,2.8627447,8.1668227,11.324593,2.9534681,2.3905547,2.6992663,2.3022322,2.5795402,2.6273441,2.4854502,2.8023519,5.6619597,6.986258,5.4711188,5.4947775,4.7050049,2.0339404,3.6834095,3.5619941,5.6141401,3.8774011,2.4333823,6.3437159
GSM1691961,0,discovery,2.6762377,3.6184663,4.332556,3.3370648,2.9761423,2.8850761,3.8787001,2.7145422,2.4350139,4.4756528,2.1370244,3.2943066,3.4074886,4.4988423,2.6548242,2.6423318,3.5612906,3.4203537,6.086423,8.3263888,2.3431784,4.101185,3.5393382,4.1987488,6.163775,2.9843759,8.5821259,11.83059,2.8898488,2.5621441,3.4221922,2.7938928,3.2291748,3.6692445,2.4029871,2.445824,5.2384548,6.4001876,4.6075801,3.9932865,3.298749,2.6672043,3.2512599,3.2554446,5.8694631,4.7090903,2.3704153,7.4269628
GSM1691962,0,discovery,2.5906839,4.275782,4.1276814,2.9262771,2.9905128,3.3838093,3.417696,4.0490559,2.515126,4.46373,2.1718344,2.6866247,2.7900376,4.4050796,2.1890036,2.3934096,3.2884681,3.2289696,6.0989083,8.1772024,2.0871591,4.4242996,2.753011,4.1809517,5.5824473,3.034686,8.601717,11.121322,2.979071,2.5178737,2.4790671,2.7705289,2.7393323,3.3759019,2.7666892,2.3487803,4.8624805,6.5116409,4.8095316,4.5660161,4.9744781,2.3925684,4.133269,3.2494619,6.7457872,4.6591815,2.4613996,8.2163921
GSM1691963,0,validation,2.2367876,3.2901656,3.3103775,2.7815808,2.8111714,3.5245844,2.9218799,3.0078577,2.8893052,4.5239277,2.9972892,2.9138358,2.4692777,3.5217732,2.1171875,2.3418736,3.5579615,3.0357668,5.9920507,9.2097158,2.0815155,3.8916237,2.7868356,3.8957274,5.8048842,2.6202836,8.0472439,11.793001,2.5721714,2.3447638,2.684902,2.8903851,2.4110404,3.7290075,2.2533941,2.3783623,3.7440902,6.7227465,5.3555611,3.9227999,4.1423457,2.250005,4.8406107,3.4264598,5.6776973,3.6343589,2.233685,7.643775
GSM1691965,1,validation,2.7757037,3.2562332,4.22356,3.0957633,2.8378754,3.6999609,3.4784629,2.8994394,2.4458617,4.6212949,2.3100996,2.6584404,2.8371125,4.0710762,2.3121018,2.203043,3.3580053,3.1651586,6.1996779,7.8168426,2.6215788,4.2801651,3.3467056,3.8183044,5.5468458,3.5237983,8.3597075,11.47446,2.9649413,2.7219333,2.936555,2.6360474,2.8093548,3.655273,2.1473978,2.3925181,5.5919251,6.6481923,5.1849656,4.8454017,4.1433831,1.982197,3.9637286,3.9256091,5.7173892,4.2413912,2.191848,6.8260999
GSM1691966,1,validation,2.7105072,3.4943304,5.5103485,2.555074,3.5353843,2.7525845,4.1039132,2.9908481,2.2803915,4.2321398,2.2909137,2.5900038,3.7919015,4.5966434,2.4155768,2.2780885,4.7874635,3.2846708,6.5906219,7.3679244,3.5401659,4.7193306,3.3121003,5.8546781,6.46307,2.8832855,8.2606038,10.294939,3.8085086,3.9600833,3.8787075,4.6653388,4.3455965,4.0822315,2.1082468,2.040716,4.4630118,6.4419183,4.7335577,4.7584448,3.2149718,2.6664684,3.2444648,3.2174802,5.6732309,5.9389804,1.9767711,5.9629691
GSM1691968,0,validation,3.0416832,4.3147929,4.2452768,3.0321605,3.0547142,4.1598174,3.411254,3.1676772,3.0365962,4.2375258,2.5483838,2.5960156,3.3980683,4.3921268,2.3961126,2.3276146,3.2375429,3.2496644,6.6486931,7.6847429,2.5499966,5.0191551,3.3649691,4.4740025,6.2211241,2.8226549,8.5182483,10.874984,3.199254,2.7250251,3.0472903,3.6037093,3.8477584,3.5712217,2.4272976,2.5564073,6.5762223,7.3383395,5.3270021,5.8016132,4.6794988,2.5125758,2.8879002,2.9021326,5.8701568,4.7906127,2.3040138,6.597353
GSM1691969,1,discovery,2.7004968,3.6533548,4.4525421,2.7724711,3.0168388,3.4783386,3.4276219,3.273386,2.647254,4.4306465,2.054184,2.7408047,3.2689237,4.5411462,3.4349231,2.3841217,3.5453739,3.2103492,6.650309,7.9168425,2.3134148,4.1884369,2.6269315,4.1406415,5.5072122,2.9446968,8.764776,11.168442,3.9875201,2.9136452,3.8047289,2.8864543,3.2823292,3.5556152,2.3782104,1.9086678,5.0946873,6.6683524,4.8543714,4.7308275,3.4379698,2.2731083,4.8925621,3.0295531,5.7440559,4.8177351,2.2966215,8.1326677
GSM1691970,0,discovery,2.596192,3.2234022,4.3096079,2.9915252,2.681403,3.6734449,3.4025281,2.2820331,2.3974954,4.1040102,2.0404459,2.5165002,3.1055815,4.4559422,2.4402027,2.8610677,3.7441598,3.5416395,6.718179,8.1857223,2.4302713,4.1004482,2.8409826,4.4568946,5.7913568,2.774499,8.3965841,11.357899,3.8165085,2.662909,3.795258,2.8903323,2.7989767,3.5551477,2.1623202,2.1632122,4.5991592,6.4367343,5.2398152,3.746554,3.7911683,2.2060404,4.1128145,2.792497,5.5517491,4.8975929,2.2822674,7.2275632
GSM1691973,0,validation,2.6231126,3.3660536,3.8744675,2.3246672,2.7666741,3.6459781,3.3373155,3.7779881,2.2399617,4.7524733,2.4847601,2.4359825,2.2269924,3.8172128,2.4907982,2.149755,2.9478012,2.6704284,6.0667133,7.7099204,2.3207521,4.0452127,2.715225,3.8603133,5.3106688,2.8603459,8.2067524,11.469283,2.9249523,2.1383564,2.2219616,2.5693436,2.3774579,3.1617361,2.5366563,2.5911683,6.2242232,6.0669425,4.852877,4.9413695,3.8138664,2.3163903,4.0500101,3.0076218,5.3897356,3.8064896,2.2433611,6.3828517
GSM1691977,0,discovery,2.5115192,3.3040274,4.7678711,3.2225747,3.3240448,3.9579592,3.9954299,2.8759366,2.6420349,4.5407544,2.2069079,2.6560647,3.1785746,4.7230989,2.6062763,2.8152918,3.7069239,3.5654177,6.7600794,8.110341,2.38062,4.4917124,3.1341642,4.4508793,5.6830939,2.8480429,7.8990221,11.808805,3.3975464,2.9037705,3.4461314,2.9416364,3.1341161,4.0132427,2.6778035,1.9561472,4.0497057,6.6757987,5.0463461,4.6244796,3.5535648,2.6510475,3.3899809,3.5270433,5.3034726,4.5717665,2.0979311,5.3805052
GSM1691980,0,discovery,2.6403188,3.7476182,4.8257396,3.0377211,2.818887,3.5870097,3.3447622,3.3265687,2.7153428,4.1352863,2.0815657,2.6867943,3.1571183,4.8430417,2.8359037,2.4427025,4.3181132,3.8839425,6.5487387,7.7054959,2.4172521,4.7473315,3.6730292,4.4483692,6.2590549,2.9186957,8.5398816,11.35066,4.0145076,2.9215402,3.9299896,3.4779586,3.597361,4.5097694,2.3349738,2.065572,5.134046,6.745054,4.7260537,4.7305773,4.5497362,2.5778113,3.739764,2.9616534,6.1017869,5.3137878,2.4221347,7.4697642
GSM1691981,1,discovery,2.92082,2.949775,4.7294257,3.0219318,3.529923,3.3392058,3.4887613,2.8577733,3.2985368,3.9043902,1.9984817,2.6721227,3.4245162,4.8055598,2.9445945,2.9230714,3.9701676,3.6865952,6.4100281,7.9897295,2.3813679,4.2988728,3.0240793,4.3372429,5.7979218,2.9490238,8.7131771,11.414274,3.885045,2.4872338,3.4373597,3.3365782,2.6673858,3.9231761,2.8290527,2.0550955,4.7861162,6.4357127,4.5047285,4.3276804,3.2922337,2.6944897,4.1590285,3.140708,5.7206918,4.7474263,2.5237897,7.8320217
GSM1691983,0,discovery,2.5565104,3.9421983,3.4674068,2.7859266,2.7201941,3.8962265,3.194523,2.9059878,3.0568528,4.0806469,2.6232893,2.7687989,2.427817,3.576455,2.2908937,2.0930288,3.0153002,3.2963729,5.8181771,8.648529,2.1432329,3.8512737,2.8406291,3.7283223,5.2458701,2.3361743,8.1493051,11.392073,2.5126968,2.4768181,2.5832097,2.6730517,2.2047422,2.9801769,2.3584332,2.1448178,5.6018197,6.5646175,5.3889971,5.4297987,4.180149,2.4602275,4.9484684,3.1461234,5.7910151,4.0803872,2.2753516,7.6852951
GSM1691984,1,discovery,2.7015061,3.4070341,5.6869228,3.0227443,3.3022914,2.7972563,4.2266572,3.0720576,3.8637715,4.0820573,3.0643173,2.7398154,3.7765643,5.7469537,3.083222,2.8613662,3.7649665,5.0834967,7.3872963,7.3002587,3.7545588,5.9617161,4.020789,5.6238005,7.4464857,4.32908,8.7635036,9.6125667,3.9581122,3.6708276,4.8521692,3.9456665,4.4456937,4.8247513,2.8483095,2.2095803,4.4134661,6.9806566,5.2856171,4.5532617,3.1450226,3.7167583,3.2386652,3.4963022,5.9426281,5.2118524,2.4096967,7.7451452
GSM1691985,1,discovery,2.3320115,4.0249925,4.1071884,2.7049726,3.0208849,3.9176928,3.6982691,2.7067122,2.9416006,4.2935784,2.7110637,2.3628253,2.4929028,4.0976105,2.2750549,2.1646005,2.9741308,3.2567145,6.6129296,8.2889455,2.4187195,4.5347701,2.9280643,4.0699431,5.7774168,3.180774,8.0159265,11.257047,3.0582501,2.5853339,2.8639201,2.8125201,2.6580333,3.2581061,2.6231873,2.11161,4.9944739,6.7644019,4.9456882,5.2999036,4.3314231,2.1119398,5.1628449,3.593557,5.7760032,4.4631108,2.4595494,6.7188091
GSM1691986,0,validation,2.4126276,3.8768998,3.8346275,2.8697979,3.0197484,4.3275043,3.3872183,3.0640888,2.7760132,4.2664025,2.2929821,2.4105568,2.3348072,3.96415,2.6056019,2.2178931,3.1725318,2.9410882,6.6610331,8.26877,2.2876066,4.0870403,2.6784984,4.1098785,5.437788,2.6034107,7.9804433,11.378785,3.0617449,2.5830049,2.9554148,2.6604732,2.8490706,3.2105639,2.4309664,1.9797096,5.6137408,6.4433875,4.9798826,5.1169744,4.1089929,1.9057534,5.1068769,2.6125817,5.2158827,3.9490435,2.3299436,7.347611
GSM1691987,0,discovery,2.1397133,3.1736541,3.6980368,3.0682255,2.8723797,4.6514445,3.4911578,2.5001133,2.3427912,4.2291533,2.1656585,2.6076367,2.3949859,3.0778905,2.4949868,2.2418544,3.0092202,3.0252054,6.6464363,8.6847918,2.0845242,3.929366,2.6467793,4.0615347,5.4172293,2.9735618,7.7873774,11.51475,2.9900714,2.458802,2.6717824,2.5155759,2.6748956,3.0531078,2.4017115,2.3655809,5.9892792,6.1692475,4.798997,5.0629118,4.0470972,2.2125869,4.9673149,2.9816112,4.987199,3.5835741,2.1917559,8.2089231
GSM1691989,0,validation,2.702979,3.5580081,3.7917252,2.6896807,2.7122641,3.3615722,3.4707898,3.3238006,2.3269631,4.410114,2.2283611,3.0545726,2.5528597,3.9956571,2.6491328,2.2651293,3.2063678,3.285052,6.3096323,7.874225,2.5579449,4.2987399,2.9357619,4.1838748,5.6113639,2.656283,8.4451054,11.372496,2.8926726,2.3807161,2.8433358,2.7767146,2.7968919,3.3827169,2.5011217,2.2463647,5.3953492,6.6034124,5.2596275,5.5425348,4.2795536,2.5976525,3.3117099,4.0046846,6.9260578,4.3368333,2.3064906,7.7555659
GSM1691990,0,discovery,2.9055742,2.6199062,4.1857256,2.7275512,3.1156204,3.3298647,3.6701187,3.5430387,2.4668215,4.3862645,2.4507164,2.7604053,2.921191,3.8829928,2.3936634,2.2739706,3.2576355,3.3796223,6.1792451,8.6809805,2.3845207,3.7440804,2.5717975,4.1417225,5.8312133,3.0849527,8.516164,11.457885,2.9627948,2.4921081,2.8059675,2.7383732,2.7141897,3.3476445,2.5819701,2.5183098,4.6855225,6.2383435,4.9754464,4.9030107,3.9551229,2.1744739,3.7443365,3.4575256,5.7971853,4.0621925,2.8479325,7.8255137
GSM1691991,1,discovery,2.3927661,4.3679314,3.7736863,2.2571653,3.1666795,2.9493468,2.989102,3.3878221,2.2926322,4.2215858,2.3380292,3.1264378,2.2702433,3.569415,2.0327066,1.7761809,3.3810169,2.8321891,5.678144,7.8618909,2.1148687,3.9913414,2.5867572,3.6641854,5.1690495,2.6858775,8.1469954,11.167944,2.7963705,2.486263,2.3032591,2.520025,2.6198194,2.6892345,2.695488,2.3559082,4.5301594,6.5035355,5.0540706,5.1435087,5.3047164,2.5345487,4.0180574,3.2167107,5.8266723,4.3191514,3.5735778,8.3781563
GSM1691992,1,validation,1.9568527,4.0930236,3.9593879,2.9433859,2.9752276,4.1363636,3.3533349,2.5726116,2.3488321,4.4816191,2.3058802,2.5483064,2.0548987,3.430843,2.3501571,2.1116082,3.2219732,2.6398761,5.9447334,8.3739621,2.4969189,3.8371045,2.7824819,3.7500624,5.365841,2.4807153,8.127067,11.447058,2.4755113,2.4265892,2.7777915,3.1699108,2.6480474,3.1822813,2.5033089,2.9001753,5.2999842,6.614211,4.990786,6.0595756,3.7946176,2.1033708,4.9983865,2.8284574,5.5073309,3.7635289,2.5734076,7.4649251
GSM1691993,0,validation,2.8400942,4.096988,4.4312699,3.2912256,3.7472812,3.0541384,3.9705826,4.8937424,2.2986018,4.5882287,2.2770503,3.2701611,3.6953418,4.1918372,2.2885024,2.3868515,3.2710545,3.0801204,6.289788,7.4318983,2.8510011,4.4965613,2.5492417,4.0969754,5.8675733,2.9952827,8.9145301,11.354221,3.7612674,2.8163229,3.2441723,3.5507045,3.7050873,3.9354352,2.4136518,2.6166497,5.3485558,6.9235064,5.5012068,4.8350404,3.5918819,2.4533092,2.6013825,4.1119052,6.8034064,4.699809,1.9788395,4.5911146
GSM1691994,0,discovery,2.4521946,3.700082,3.8948535,2.8267926,3.2869252,3.7993526,3.5679448,2.9751885,2.6273285,4.5769514,2.5108931,2.3424466,2.4451979,3.8690126,2.4092897,2.3531934,3.097962,3.0022175,6.5613344,7.9050085,2.4618174,4.1117927,2.7300983,4.2629511,5.7195288,3.1217878,8.1212189,11.430308,2.8735947,2.8063983,2.9482554,2.7975839,2.5353167,3.0556762,2.3886647,2.3801542,5.5760629,6.5659683,5.1988578,5.8269531,4.6869141,2.2685602,4.1969373,2.985263,5.3487327,4.3292273,2.4421243,6.3345173
GSM1691995,0,discovery,2.8812216,3.7646577,4.2111922,2.6219855,3.101214,2.9824634,3.1297117,3.6297643,2.9109508,4.3772679,2.2806154,2.7461986,2.8141405,4.2969606,2.5416541,2.401193,3.2287832,3.1692238,6.46961,7.8093544,2.1852652,4.1299304,2.8713789,4.3487678,5.9492036,2.5279603,9.2781399,11.003438,3.0267185,2.717518,3.2478138,2.9052365,2.6642773,3.6294827,3.2633624,2.1115454,4.5300237,6.9716028,5.4782693,5.4566997,3.5059584,2.4484743,4.9282672,3.6318501,7.1209108,4.9626133,2.6997694,9.1596288
GSM1691997,0,discovery,2.7941372,3.3749525,3.8965733,3.1926443,2.9611895,3.8315286,3.4562724,3.4281517,2.6402677,4.1828682,1.7901125,2.5252543,2.108749,3.5362568,2.3400784,2.2552558,3.3234483,2.6101623,5.6053574,8.2327721,2.1305296,3.8110493,2.4340923,3.9197671,5.2618571,2.811214,8.0500598,11.793187,2.5388412,2.3564882,2.7027899,2.5329896,2.5629563,2.6835604,2.34934,2.522786,5.2586197,5.9029725,5.1131005,4.2790369,3.4591777,2.3321684,4.2655485,3.2807122,5.1988153,4.1248793,2.0786709,6.8988046
GSM1692000,0,validation,2.730645,3.5211806,4.2971321,3.1697564,3.8261237,3.311702,3.6983527,3.4291847,2.3160503,4.5490854,2.6200475,2.8189991,3.167872,4.328233,2.5043763,2.3719578,3.0974719,3.6329164,6.3048638,7.2054353,2.3998826,4.4919049,3.67283,4.3956419,5.8682203,3.2252243,9.1350653,11.420977,3.0922106,2.6560341,3.0083593,3.6675747,3.3305685,3.3592783,2.5654127,2.8978364,4.97669,7.2239871,5.149368,4.7931482,4.1443266,2.588023,3.1513363,3.9832125,6.3941191,4.7800093,2.81254,6.3636299
GSM1692002,0,validation,3.173054,4.150239,3.6272061,2.705123,3.1422759,3.4887214,3.007306,4.1619347,2.6354034,4.5143752,2.2898738,3.5629612,2.5434899,3.1117477,2.5097242,2.0704542,2.9960961,2.7202333,6.186518,7.2884472,2.4451898,4.1401028,2.5215518,4.4761854,5.2970055,2.9425197,9.179128,11.092676,2.8778774,2.5611868,3.2370633,2.4415724,2.4457091,3.1455865,2.5839685,2.7271435,5.412637,7.4323745,6.107493,5.216704,5.1643768,2.4908152,2.7179451,4.024484,7.0766995,4.2505031,2.4726577,8.3922943
GSM1692004,1,discovery,2.876528,3.2855101,3.7475888,2.5995293,2.6795626,2.9015255,3.2502941,3.8553576,2.4010641,4.4592046,2.2884151,3.3507538,2.7775515,3.7697817,2.4188507,2.3257608,3.1872521,3.567079,5.5545603,8.1125473,2.2664883,3.4866871,2.7492301,3.6405078,5.4231556,2.8128357,8.6677871,11.366338,2.1664375,2.3272244,2.2977762,2.2163239,2.3474956,3.1758995,2.3182327,2.2901893,4.8836324,6.1319571,4.5272617,4.0155283,3.9335188,2.3284562,3.7667392,3.170789,6.1062899,3.8097393,2.8730635,8.8381752
GSM1692005,0,validation,2.9518969,4.338973,4.2961281,2.8969521,2.7957718,3.4894672,3.5163977,4.4775615,2.5411088,4.3181179,2.7026498,2.5863738,3.2378553,4.4847025,2.7040435,2.7670216,3.3798209,3.3042063,6.6454515,7.6876094,2.3959907,4.4230553,3.2875103,4.5472037,5.2971225,3.380521,8.5355773,11.395738,3.2327195,2.7442374,3.1592363,3.2499969,3.4447077,4.1736619,2.8116669,1.9191624,5.5688949,7.2159272,5.6379887,4.864461,4.5056501,2.6783949,2.9026201,3.5132702,6.0413534,4.8351688,2.4301247,5.6371776
GSM1692006,1,validation,2.4622679,4.3169635,4.7276218,3.0957516,3.1027167,2.6140819,3.5470251,2.8155846,2.5464212,4.3941475,2.3629394,2.7269436,3.2791594,4.4038717,2.7270868,2.8457949,3.5082296,3.3558623,6.1993233,8.3960816,2.2622711,4.2047854,2.9383261,4.3667503,5.6010276,2.8259974,8.0182031,11.026732,3.8539016,2.8126256,3.8192508,3.3912035,2.9678853,3.3529828,1.9559916,2.2766198,5.9329582,6.8137935,5.0588174,4.8989771,4.7721991,2.330673,5.0782805,3.199227,5.3097081,4.4550776,3.2172691,7.9460009
GSM1692007,0,discovery,2.6401313,4.4511848,3.8353801,3.0242434,3.1250377,3.6732861,3.3718389,3.3464582,2.645984,4.5761537,2.409735,2.7067765,2.7283298,3.9459654,2.157398,2.4903833,3.1843671,3.3035907,6.1765922,8.1987158,2.3262618,3.8564031,2.7624872,4.3619353,5.3817395,3.1168292,8.9390904,11.18429,3.0371197,2.6269016,2.983846,3.1354985,2.736635,3.1174204,2.6824497,2.0167313,5.8718135,6.3993512,4.8288578,4.9738349,3.4649585,2.283028,5.5963912,3.399736,6.5816889,4.4085311,2.527516,8.1411048
GSM1692008,0,discovery,2.781945,3.3008646,4.4317219,2.8164555,3.1263769,3.5499525,3.3276864,2.7237089,2.4248218,4.4323953,2.1307325,2.5132693,2.9195928,4.7547759,2.5969428,2.7440748,3.8362102,3.3926437,6.4374336,7.7305164,2.3123277,4.3397018,2.7426067,4.3594675,6.0869375,2.8332302,8.6003128,11.657745,3.1241721,2.4347691,3.0788003,3.7544047,2.8545192,3.2597027,2.6965192,2.1052727,4.5695818,6.4014573,4.6999195,4.09469,3.6514253,2.3840744,3.6030135,2.9640348,5.92016,4.3232108,2.2589799,7.3082608
GSM1692009,0,discovery,2.4306899,3.8176044,2.9286898,2.6116131,2.9467688,3.3393144,3.0258597,3.1880797,2.5659085,3.6147412,3.0364729,2.8166079,2.1606746,3.5781794,2.0059814,2.1891013,2.6188698,2.7389789,5.9139137,8.2341658,2.1814793,3.9619852,2.3962169,3.7516112,4.6157297,2.7425262,8.2255647,11.405157,2.532955,2.4997301,2.231431,2.6212498,2.2403298,2.911731,2.5139948,2.6599265,5.2680365,6.7129151,5.3765775,5.7983387,3.9921015,2.2286731,4.5216981,2.6288499,6.3159316,4.0847466,2.4298455,7.120734
GSM1692011,1,discovery,3.1415931,3.6978077,4.747623,2.8159481,3.3546541,3.629798,3.4809151,2.5611544,2.513226,4.5846061,2.4378496,2.5988321,3.3003866,4.5489121,2.3951743,2.8429567,3.6843134,3.2496898,7.1711461,8.5104655,1.9729946,3.7996342,3.1801248,4.3096946,6.0174963,2.6950856,8.1785888,11.593273,3.9387889,3.222321,3.2213702,3.1767787,2.9989813,3.63557,2.2864504,2.1960498,4.0248091,6.3156467,4.7271215,4.6244719,3.8040407,2.3860627,3.5743381,3.3588231,5.648216,4.4418497,2.572609,6.9654691
GSM1692012,0,discovery,2.779463,3.6191122,4.0984859,3.3415483,3.0739849,3.2458183,3.4565012,3.720267,2.5502988,4.481219,2.0998908,2.8697978,2.935211,4.3818536,2.562313,2.7377449,3.7043485,3.1736614,6.723858,7.9677493,2.4133378,5.1592995,2.9044649,4.4472669,5.8732975,2.9209149,8.4879054,11.200406,3.5694149,2.9547833,3.0746342,2.8593966,3.0832688,3.8078477,2.5417045,2.2380622,5.6930649,6.8058827,5.2548321,4.2949347,4.4073966,2.2010136,4.0997506,3.2081001,6.1567279,4.4296806,2.4204511,7.9216726
GSM1692016,0,discovery,2.5448115,4.8171335,3.9941721,2.6513892,2.9544844,3.9128836,3.4584166,2.6939734,2.5451701,4.5398856,2.2212405,2.8687801,2.66956,3.9523594,2.2179737,2.219549,3.4301276,3.0268895,6.571674,8.3032051,2.725037,3.7967876,3.1168342,4.1584189,5.5077853,2.627104,7.6083574,11.259481,2.5697565,2.4864241,3.9346304,2.7115841,3.4403771,3.64817,2.3732936,2.5785036,4.8348483,6.3451677,4.932876,4.9906771,3.4657964,2.3192862,4.632628,2.8698755,5.4818505,4.439294,2.2202937,6.5636812
GSM1692017,1,discovery,2.8496968,3.1949379,3.3596356,2.5027713,2.6911051,3.3049155,3.0629299,2.5637774,3.1940072,4.523913,2.5324717,2.014928,1.6188374,3.6611264,2.5438681,2.4477387,2.6409219,3.01364,6.3862285,8.9592606,2.0484163,3.7921075,2.7527471,3.7948568,5.5159095,2.8423847,8.3230287,11.325458,3.0456976,2.3921958,2.7314665,2.1059814,2.453821,3.1804476,2.6513314,2.4974114,5.1168416,6.2137761,5.0351995,5.6577082,3.4082749,1.9554267,4.6206892,3.6595415,5.9630056,3.9284897,2.7477557,8.3986117
GSM1692019,0,validation,2.5710777,3.5362091,4.7783947,3.256548,4.4109879,3.6352141,3.8064737,3.0233962,2.3496951,4.3119333,2.3764905,2.242932,3.6771839,4.5513032,2.797817,2.9649391,4.0948249,3.1917903,6.7044159,7.6963316,2.0151903,4.73677,2.7752696,4.7188535,5.9775846,3.6205527,8.4271669,11.492834,3.6794904,3.2295611,3.4147415,3.742366,2.689971,3.6890199,2.301818,2.4214945,5.2697529,6.7113608,5.227866,4.6426449,3.9019355,2.4227357,2.9256166,3.6059401,5.380881,5.7188402,2.3402799,5.0676506
GSM1692022,0,validation,2.8384998,3.9611891,4.463813,2.7276744,2.6790636,3.6231268,3.717558,3.3339691,2.5080664,3.99773,2.5860764,2.6447162,3.0584089,4.2715832,2.7767899,3.2085099,3.3093536,3.6126885,6.6019962,8.3107813,2.2120477,3.937545,2.8276222,4.1464351,5.5096433,2.9101437,8.5146535,10.996667,3.0885904,3.1146669,2.8805756,3.1479342,2.8126202,3.8761166,3.1809158,2.1244975,5.8673331,6.7403176,4.7656588,5.3667195,4.0043349,2.3583143,5.073232,3.2033473,5.9556438,4.3949107,2.6132223,8.032264
GSM1692023,0,validation,2.6350951,3.1665744,3.7053274,2.6870541,2.8672251,3.6650078,3.3852273,3.2384951,2.4534384,4.6743677,2.1947425,2.4735218,2.5356369,3.6494266,2.2440911,2.4703494,3.1966201,3.1228033,5.6461849,8.0922987,2.1680732,3.8421704,2.3132869,3.5962382,5.2529423,2.6492916,8.3907533,11.316062,2.830899,2.6299912,2.9103758,2.4839213,2.2995483,3.2796366,3.0466466,2.5884494,5.5635891,6.1402411,4.4826293,4.9391519,3.7085134,2.1731693,5.3964998,2.8328647,5.9582911,4.2268473,2.5861691,8.3606928
GSM1692024,1,discovery,2.8166203,3.7285192,4.3525814,2.9256641,2.5549075,3.2782626,3.2225839,3.3606368,3.0466964,4.2779984,2.719471,3.0431151,2.9180218,4.380574,2.6265984,2.3595072,3.4592348,3.1765914,6.6271122,8.4879856,2.513323,3.7404886,3.0166162,4.0211467,5.574946,2.8076438,8.4682603,10.90016,3.0629224,2.9378181,3.0420861,2.9474131,3.1735219,3.4930522,2.1400789,2.0798731,5.3139767,6.4408086,4.9820931,4.0695154,4.0462573,2.4852969,3.9116436,3.2252496,6.1411823,4.5951397,2.2906005,7.9167022
GSM1692025,0,validation,3.29171,4.4821906,4.071652,2.5562891,2.8023452,3.3003744,3.1067488,4.435459,2.5062655,4.2377022,2.2448336,2.9861912,2.5245851,4.0813142,2.3316708,1.9475386,3.2492655,3.0778822,6.1700044,7.5594297,2.3842862,4.1091573,2.7465831,3.5730317,4.9824299,2.727609,8.7013891,11.130516,2.933249,2.5504995,2.6908587,2.5881366,2.9736369,3.321879,2.448,2.4740598,5.1460869,6.6496467,5.6118491,5.5079049,4.1924261,2.1817737,3.3661932,3.4030803,6.9750538,4.413963,2.3633498,7.5073684
GSM1692029,1,discovery,2.7140322,3.8736911,4.3164282,2.6369779,2.5908617,3.5842881,3.401627,2.8878908,2.3225677,4.2031322,2.1710841,2.5394392,2.4862203,4.4921197,2.7818495,2.4073732,3.6680493,3.506149,6.4896821,8.1655637,2.1777978,3.927956,2.6787672,4.2171946,5.8931454,2.6013594,8.499654,11.125412,3.0107577,2.5864337,2.8854359,2.9868479,2.6211065,3.4145251,3.1055346,2.3910499,4.6758862,6.4463255,5.1906097,4.9781754,3.6618154,2.1745928,4.6580215,3.4539771,5.9576119,4.7396555,2.3151446,8.3683611
GSM1692030,0,validation,2.8619722,3.472358,4.972814,3.1153099,3.6833695,2.8671274,3.5740874,3.3638284,2.5522898,4.868974,2.0471102,2.8597035,3.0468151,4.7061661,3.1660317,2.4315155,3.5796592,3.895417,6.3583821,7.4532648,2.1874937,4.8792757,3.1211338,4.48368,6.1583283,2.8790751,8.6321634,10.646025,4.158591,2.7114196,3.4053919,3.9843165,3.2290255,4.1975148,2.6347045,2.1790424,5.0669401,7.0640467,4.9273238,4.5728442,3.6525379,2.8071505,3.4439275,3.1059222,6.2174706,5.0134349,2.4336729,8.4167907
GSM1692032,0,validation,2.5137847,3.5207094,4.9672653,3.1289446,2.7819587,3.570862,3.872154,3.5603729,2.6982827,4.0872999,2.3909305,2.8970142,3.482896,4.9544363,2.4949307,2.8593852,4.3516382,3.4479352,6.2714932,7.694117,2.6653259,4.4994229,3.0580627,4.7181209,5.6794377,2.9292371,9.0126096,11.516851,3.8942299,2.8555649,4.1180548,3.1730121,3.118911,4.5422521,2.2277984,1.937391,4.868268,6.4596215,4.5423112,4.574522,3.0701444,2.4780009,3.1013211,3.0858842,6.5602131,5.0396404,2.2786248,5.4282154
GSM1692033,0,validation,2.6343309,4.4485469,4.5785633,3.1553841,3.500617,3.3612843,3.3021632,3.6608278,2.1927408,5.0114988,3.2859434,2.9420983,3.333095,4.5823797,2.5478295,2.4649561,3.6361785,3.0823851,6.3936676,7.5987889,2.9767079,4.6912857,3.3701021,4.1802582,5.6872334,3.014156,8.5433205,11.106931,3.7290507,2.6550476,2.932472,3.3575401,3.72034,4.0030185,2.0466048,2.104033,4.8891525,7.0177894,5.6178756,5.0670821,4.2121258,2.9171626,2.5164876,3.3742212,6.7792111,4.8057589,1.9861707,6.0769835
GSM1692034,0,validation,2.4289163,3.7219312,3.9625248,2.6932023,3.074625,3.5181782,3.3035345,2.7588678,2.3851466,4.2070642,2.2416957,2.3509602,2.8248958,3.8900018,2.5854334,2.1169154,3.530194,3.2908415,5.9951665,8.2709532,2.2015657,4.1907123,2.5662621,4.0619626,5.5025304,2.6383336,8.703589,11.401768,2.6992273,2.530324,3.2702068,2.6590399,2.6602165,3.0992646,2.5504812,2.5795524,5.1111598,6.1704674,4.7566722,4.3347843,3.7857954,2.0473384,4.3628767,3.2541725,5.8978201,4.0865889,2.9520708,8.7344673
GSM1692035,0,discovery,2.7274059,4.1809121,4.6308103,3.3200079,3.3229261,3.1367235,3.5304068,3.6633764,2.4009057,4.6069879,2.3354547,3.0136256,3.652161,4.7209469,2.5217704,2.5777763,3.468069,3.1422263,6.8771659,7.5749775,2.5646279,4.7022764,3.1745407,4.310696,5.9998039,2.8572903,8.830495,11.466404,3.2056255,2.9696175,3.6058329,3.3271329,3.3296579,3.6745464,1.9953842,2.4249647,5.9585869,6.8434126,5.1170583,5.3935977,3.4256341,2.5853546,3.1109806,3.638778,6.2972064,4.7028983,2.1616763,4.949464
GSM1692038,1,discovery,2.4817848,3.2428169,4.613069,3.3081661,3.5870154,4.2399397,3.9710631,2.691316,2.9487919,4.5397975,2.1490703,2.4100939,3.1659903,4.4980993,3.0428101,2.6837029,3.8332818,3.7792392,6.8510195,7.5994961,2.6764989,5.0949369,3.4871543,4.6719952,6.338667,3.3279332,8.4274534,11.441578,3.3820993,2.7072458,3.7598621,3.1990908,3.771045,4.2714327,2.3988213,2.2552178,4.7694722,6.8493711,4.8926592,4.5664403,3.8451075,2.3577097,3.3457625,3.7709557,5.9456305,4.9551897,2.0847862,5.4881795
GSM1692040,0,validation,2.4473874,3.2837173,3.6820439,2.0224657,2.6484786,3.4098088,3.1742309,3.2611393,2.1063431,4.145707,2.3466046,2.7450055,2.7342886,3.3516336,2.2536739,2.1924466,2.6411997,3.1190142,5.4161409,8.1129257,2.0554169,3.4759379,2.4258471,4.1395363,5.1500176,2.6298444,8.1299879,11.112991,2.9170063,2.3809382,2.585542,2.7409763,2.6429226,2.7244231,2.6255545,2.6598271,5.5882892,6.06701,5.0543782,4.4484741,5.0563527,2.2050393,4.8088833,2.774085,5.4529004,3.9990826,2.5006947,7.6924285
GSM1692041,0,validation,2.8388096,4.1414551,3.7879691,2.7170251,2.800666,3.4567124,3.6223466,3.7888647,2.5062566,4.2428878,2.0483685,2.5876412,2.2725551,3.258427,2.3345892,2.090166,3.2561543,3.0167758,5.9574631,8.2981401,2.3962679,3.9743316,2.4840852,3.5860706,5.2819726,3.0624485,8.8071309,11.47048,2.043134,2.6970584,2.8059702,2.4305044,2.6312612,3.0362168,2.8305365,2.1811199,5.5221612,6.3876358,5.3022798,5.0065162,3.6669899,2.3706088,4.8247748,2.8703772,5.6773529,3.7848641,2.255327,7.5445114
GSM1692042,0,validation,2.8931217,3.6176741,4.4885139,2.9839325,2.9300725,3.0808111,3.5734129,4.3032422,2.1995273,4.5425524,2.2843776,2.7607011,2.9826585,4.4023919,2.7897629,2.093628,3.5599656,2.8868672,6.4213335,7.8786266,2.893762,4.3994458,2.7633457,4.4156621,6.1299517,2.5292167,8.9432163,11.728551,3.4518109,2.703656,3.1036538,3.2401037,2.8838232,3.1904965,2.9632925,2.484285,3.9953956,6.7855681,4.9802733,4.0024052,3.8312371,2.3722518,3.2974652,3.9712446,6.2323821,4.6348641,2.1930984,7.0151774
GSM1692043,1,validation,2.6182048,4.6222658,4.6337442,3.3572238,3.2786254,4.083127,3.855574,2.9544829,2.9295824,4.1107054,2.5017932,2.3521655,3.1132555,4.5365128,2.1371999,2.140679,3.2687784,3.5732954,6.5962436,8.0785485,2.5406518,4.6067924,3.4045102,4.2605025,5.9329217,2.7403522,8.9205789,11.101811,3.3527426,3.3246358,3.5987658,3.0173003,3.323528,4.1028797,2.24935,2.1772996,5.5615176,6.7691037,5.2419367,5.3918502,4.5375655,2.6064139,3.5284722,4.131846,5.3470794,4.832477,2.4641102,6.3504489
GSM1692045,0,discovery,2.2368932,4.2553823,4.1397946,2.6489785,3.0880053,4.0198202,3.5482544,2.7204435,2.4233511,4.2354323,2.0138931,2.5017745,2.9476987,3.8569507,2.5678476,2.4291875,3.1841954,2.9153714,6.296468,8.9271384,2.3183194,4.2177792,2.9742212,4.2389053,5.8443295,3.3219638,8.1543717,11.323365,3.2585313,2.5631008,3.205728,2.9210289,3.1552017,3.6736389,2.6517562,2.0761807,5.5759813,6.4791525,4.6590151,4.8495838,3.7382021,2.4242928,6.039389,3.0700634,5.8478601,4.37024,2.4890909,7.2784519
GSM1692047,1,validation,2.8046028,3.3237083,2.8724581,2.5687252,2.5165382,3.0876118,3.544809,3.8634452,2.5478004,4.23475,2.8019478,2.990281,2.2599659,3.7374136,2.2417448,2.5527644,3.3694279,2.4575119,5.8438424,8.4547787,2.2315965,4.317028,2.3128397,3.5426934,5.192317,2.9559805,8.2104523,10.965824,2.4335799,2.6146317,2.4034433,2.1872854,2.1449072,3.3794121,2.6143454,2.9886763,5.0347594,6.5939053,5.12006,5.9263116,5.0906908,2.6195624,4.4694827,3.636485,6.2573724,4.1939303,2.81745,7.9889671
GSM1692050,0,discovery,2.5662752,4.3596605,3.5972489,2.8398627,3.2562621,3.7966914,3.7859417,2.9712879,2.6941113,4.0472876,2.7599228,2.4251061,2.6263837,3.9515019,2.2175985,2.126894,2.7917824,2.2594647,6.4818516,8.5776584,2.1139019,4.1657882,2.903753,4.0166421,5.6185115,2.9459961,7.9127162,11.134857,2.9515419,2.6498511,3.1874532,2.8819916,2.423369,3.0111253,2.2303878,2.5122933,5.714173,6.6074849,5.3105392,5.562236,4.7300576,2.2516012,4.6694836,3.2900088,5.0139709,4.1070577,2.0404955,5.7248567
GSM1692051,0,discovery,2.4921366,3.7965712,4.4834267,3.1388769,3.4882339,3.5878128,4.0660104,3.617464,3.4457926,4.4535041,2.669439,2.5169971,3.212362,4.4497847,2.6616156,2.4116318,3.3975579,3.4930533,6.7486723,8.2814531,2.3445787,4.1900171,3.3054011,4.4358883,5.8562231,3.4320744,8.1789117,11.494489,3.2892618,2.6998997,3.9990306,3.5660711,3.1794383,4.2762171,2.5380497,2.4080814,5.0874124,6.8910176,4.9428533,4.584236,3.3031346,2.4973401,3.7785982,3.0021873,5.965869,4.5930801,2.8017502,6.9593546
GSM1692052,0,discovery,2.5541159,3.4196494,3.0982768,2.4506888,2.5449236,3.9291424,3.2163643,3.2552852,2.7638649,4.4358006,2.0688453,2.559471,2.326022,3.1217809,2.32522,1.8403709,2.4931353,2.7919328,5.5162871,7.738825,2.0758219,3.3475647,2.6074848,3.8152032,5.0653568,2.1722409,8.1434997,11.418375,2.5617976,2.3219957,2.4850219,1.8747977,2.303809,2.9501927,2.2870098,2.22076,5.3048241,6.1551665,5.0796024,5.7078222,4.9082494,1.8475383,5.5176171,2.8405518,5.7996422,4.2041082,2.902441,7.9062203
GSM1692055,0,validation,2.4948677,3.0777057,4.4238816,3.4850972,2.9330539,3.7536822,3.6065023,3.172135,2.6991243,3.9385918,2.2461854,2.7442173,3.2723502,4.2230292,2.602342,3.1488004,3.7910455,2.9969005,6.7214024,8.509797,2.4971235,4.338619,2.8628568,4.7313233,5.8999496,2.9353078,8.4150651,11.585227,3.3134602,3.0800493,3.5407456,3.4913638,3.3847605,4.5354498,2.1990931,2.4921999,5.4291515,6.8124681,4.984762,5.0531685,3.2259553,2.8386784,3.1150309,3.3463108,5.7763096,4.3719695,2.2564188,6.1374009
GSM1692056,1,validation,3.1507795,3.817087,4.4841355,2.8713363,3.2010521,3.3970691,3.3220787,3.6906351,2.5931421,4.3435321,3.6205413,2.7921727,3.0806914,4.3338451,2.8416147,2.8423147,3.9192809,3.2974833,6.7546404,7.4588581,3.0114155,4.8599335,2.9060013,4.4450836,6.1874949,3.3120094,8.9611868,10.960544,3.9030111,2.8667291,3.1864078,3.3383477,3.2773313,4.1041187,2.3750149,2.4991575,5.4122388,6.6702085,4.9884653,4.6297688,3.782682,2.1126788,3.7688508,3.0370649,6.6961429,5.2346451,2.6917599,8.6928721
GSM1692058,0,validation,2.8109063,3.3889113,4.4022966,2.9177748,3.1984236,3.116491,3.4734918,3.5747452,2.3692414,4.5125789,2.0640219,2.5812701,3.2553569,4.5564604,2.3784085,2.5915575,3.8219125,3.6198679,6.2548274,8.3710176,2.5092337,4.4010405,3.1594157,4.8854026,5.853892,2.9456545,9.0277114,11.47109,3.2955031,2.716848,3.5262391,3.4860957,2.48771,3.8561638,2.4785792,2.8399221,5.2684486,6.2899315,4.7538705,4.4685805,3.3612828,2.1543488,3.4256445,2.9720665,6.1853317,4.6949438,2.4979137,7.4423024
GSM1692059,0,discovery,3.1244287,3.8711698,3.3699025,2.5012795,2.991932,3.7636478,3.21234,3.0006254,3.0842911,4.1721654,2.075629,2.4165344,2.0827274,3.9198523,2.1166348,2.3674976,2.7760432,2.8650134,6.3861953,7.9166684,2.1912435,3.7387536,2.4019029,3.8844883,5.3268702,3.3914874,8.5507908,11.463926,2.4870704,2.5956185,2.572378,2.767496,2.6354394,2.6771901,2.5554263,2.9879237,5.8429975,7.0503894,5.5280889,5.3070984,4.9737483,2.4957927,4.2551892,2.8611389,6.0048661,4.206329,2.7604349,7.5784816
GSM1692060,0,validation,2.4797836,4.4887329,4.4538586,3.0953393,3.1083326,3.43033,3.5722692,2.909089,2.8615993,4.0502786,2.629781,2.6453082,2.7470433,4.1525056,3.0846396,2.419056,3.3048026,3.2922767,6.9312393,8.5601703,2.5591366,4.1379905,2.9760525,4.1273238,5.531817,2.7923873,8.5194113,10.974617,2.9293954,2.6676836,2.9170569,2.8142528,2.8728975,3.8301694,2.0925602,2.3952477,5.5679853,7.144057,5.5087571,5.146448,4.0818394,2.5231837,4.3989668,3.4537709,6.1412757,4.7233387,2.6920034,7.7285911
GSM1692061,0,validation,3.1459572,4.2612882,4.7915978,3.0542976,3.2395027,3.9223449,3.2122958,3.4640752,2.8395641,4.5836854,2.940598,2.8262172,3.4894931,4.6903583,2.7859857,2.6579838,4.3789724,3.3994716,7.0427219,7.7329235,2.4486074,4.7024434,3.6832662,4.4414477,6.0709827,3.1319588,8.6681932,11.226475,3.6033455,2.8787194,3.9323003,3.2048681,3.1303564,3.896457,2.2796129,2.6656794,6.232084,6.8049627,5.0411315,5.7561852,4.3835442,2.4646182,2.9473535,3.5710591,5.7664899,4.8704084,2.225711,4.5719104
GSM1692063,0,discovery,2.4920734,3.0567145,3.8348784,2.4032076,2.7754488,4.1268509,3.0875855,2.8289054,2.3982385,4.2675477,2.416784,2.3729903,2.4737059,3.8035868,1.8422081,2.2486605,3.0833197,2.7972008,5.8785637,8.2343187,2.3713873,3.804109,2.7660897,3.8477879,5.5888047,2.8466232,7.6186516,11.710172,2.9334468,2.4431984,3.0656386,2.4160055,2.442637,2.937324,2.1711024,2.2055191,4.603818,6.3461084,4.6991416,4.2125076,3.6460744,2.1542555,3.7769564,3.1276001,5.3365691,3.9659026,2.3149021,5.731048
GSM1692064,1,discovery,2.4836771,3.2988409,4.5851254,3.0211423,3.0765462,2.5170183,3.3719286,4.2529828,3.1247935,4.6017001,1.892203,2.7785922,2.8066602,3.8690758,2.1981927,2.3174771,3.000107,3.1542512,5.8522661,8.1480366,2.1803494,3.7810906,2.7968738,3.9912696,5.478769,2.8233769,8.2184649,10.704801,3.0942467,2.6895514,2.8368004,2.3659099,3.2395716,3.1187523,2.8279366,2.100444,4.2394054,6.3608456,4.8626401,4.6871826,3.5206339,2.378626,3.5845576,3.2521388,6.3557575,4.3746301,2.6372871,8.6703311
GSM1692065,0,validation,2.462158,3.2961021,4.465131,3.193252,3.1190437,3.1338433,3.6254096,2.4296544,2.6414044,4.2399827,2.539549,2.5580431,3.1975525,4.8455423,2.7344905,2.6369071,4.6589138,4.361305,7.3933092,8.6546388,2.3015103,4.5817224,2.8229793,4.4830209,6.1364607,3.0114838,8.1944758,11.465248,3.1366688,3.0910118,3.0995025,3.5002931,2.4331216,4.1425253,2.5553398,2.3214481,5.1532022,6.8351162,5.2705268,4.3488617,3.2557523,2.1687678,3.1396306,2.880571,4.9225985,5.062067,2.0952107,5.6499031
GSM1692066,0,discovery,2.3811109,3.5264994,4.2799555,2.862753,2.8069701,3.0937713,3.625675,4.0751809,1.9571691,4.8954135,2.4011261,2.7873979,3.190755,4.2796378,2.6656646,2.8625578,3.4301686,3.5902899,5.884893,8.2164926,2.9388781,3.8946061,2.8355675,4.4943373,5.5638817,2.9031068,8.2279874,11.366258,3.6379862,2.8474005,3.5158284,3.3540103,3.0417434,3.4780635,2.3350936,1.9178792,4.677897,6.3363323,4.6578484,4.6570315,3.451932,2.4898338,3.6984327,3.3708875,5.6061405,4.5770991,2.1031003,6.5700751
GSM1692068,0,validation,2.903874,4.4172551,4.5384856,2.7916563,2.645727,4.59225,3.0466194,5.0348346,2.1640678,4.5631399,3.0450319,3.2358773,2.2362333,2.9718973,1.9855751,2.6665232,3.1509567,3.1070019,5.3890786,7.7250916,2.0745387,3.7055275,2.4052517,3.6722891,5.1386402,3.0670437,8.4652542,11.179808,3.3028107,2.3975218,2.3952465,2.2560343,2.3398736,2.7840293,2.6026872,3.1095675,5.508454,6.8866105,5.9776674,6.235896,5.5411296,2.2038913,2.9641461,3.9671274,6.5866662,4.5351794,2.9582368,8.2883627
GSM1692071,1,validation,2.2008422,4.2448084,4.1401678,3.2155511,2.8580487,4.1833182,3.2393164,2.6225201,2.1459371,4.0860957,2.7148363,2.6354209,2.6199555,3.754862,2.4189266,2.6884068,3.2386657,3.4324769,6.706838,8.3461542,2.1491601,3.7555244,3.2891169,4.0296916,5.8082827,2.956039,8.0919179,11.510807,2.6631227,2.2534837,3.0664189,2.7854261,2.6813322,3.262036,2.4422919,2.3594791,5.7084813,6.4869439,4.8859886,5.7395165,3.8686422,2.2982525,4.8840714,3.2867366,5.7852136,4.2493503,2.493175,7.9065464
GSM1692073,0,validation,2.8271855,3.954567,4.2087895,2.7439605,2.9331774,3.708053,3.6650834,2.7241835,2.4322405,3.9105232,2.4105271,2.9001519,2.9466224,4.1113962,2.4978388,2.4313271,3.2447774,3.1427616,7.2242247,8.1592276,2.071178,4.0829045,2.832096,4.1796205,5.8068423,3.2239804,8.8578245,11.43803,3.2509239,2.9967139,3.1747983,2.9780033,3.1496831,3.1302551,2.4378474,2.9007044,5.4747315,6.9058235,4.8662219,4.5991702,3.7142219,2.3221906,3.5171557,3.2596995,5.840175,4.4243275,2.8354861,6.5291119
GSM1692074,0,validation,2.8389025,4.872258,3.6501962,3.0311694,3.1518931,3.414824,3.4491469,4.2477292,2.374984,4.2743272,2.5246348,2.8956811,2.4233482,4.0978812,2.3778527,2.1957397,3.0952243,3.1367529,6.2039899,7.8687785,2.0278159,3.7204418,2.694268,4.1648738,5.5037543,2.9724652,8.9726537,11.143321,3.1128888,2.6508217,2.6964156,2.7815671,2.7366095,3.1076901,2.1355957,2.2846587,5.782064,6.9656064,5.276663,5.4378553,4.4918617,2.5124906,3.4049561,3.4117829,6.090108,4.3455699,2.2178365,6.6389551
GSM1692077,0,discovery,2.6028052,3.8623683,3.8520006,2.4617929,2.5882971,3.7567793,2.9685408,4.1020057,2.4072272,4.4008444,2.4956378,2.6653046,2.6488081,3.6968672,2.2500922,2.3598054,2.9249137,3.0458887,5.5062962,7.9571643,1.9966862,3.7738488,2.5316955,3.4997696,4.9687792,2.6130048,8.4977872,11.163103,3.3579524,2.6669683,2.6918449,2.214587,2.9112808,3.0551426,3.0694822,1.9808858,5.3056297,5.9463746,5.0375062,5.0063604,3.2512408,2.5695679,4.3225381,2.7994335,5.5868172,4.0319557,2.2938207,7.6378234
GSM1692079,1,discovery,2.373372,3.086904,3.7473712,2.8116547,2.7788159,4.5021351,2.9724227,3.0259302,2.5811812,4.2320735,2.261299,2.9123967,2.5062315,3.8423641,2.2324346,2.1525283,2.9246984,3.2189346,5.9913209,8.3003168,2.0018618,4.3931637,2.6693888,4.1155591,5.5509179,2.5526719,8.1651874,11.662044,2.9275134,2.5539706,2.9237954,2.7547681,2.8322138,3.4170124,2.6681319,2.6398385,4.671958,6.4503826,4.6559528,4.7515501,3.5374467,2.3164133,4.3358834,3.0292582,5.6524453,4.4715077,2.1481813,7.7811701
GSM1692081,0,validation,2.4229139,3.5828956,5.3231253,3.1346616,3.1893173,2.9466071,3.6919728,3.8683115,2.4303888,4.585409,2.036843,2.3334649,3.7850812,5.100183,3.1700571,3.141198,3.9197848,3.8023526,6.1662154,6.9882672,2.6609693,4.4733955,3.4505092,4.6043128,6.017567,3.1388626,8.6885341,10.422488,4.3278372,3.2672567,3.4237111,4.0329541,4.2935645,4.0531718,2.5024851,1.866916,3.9464492,6.9026082,4.7991469,4.5335518,3.5767815,2.3400932,3.4190561,2.9681725,5.6167222,4.4792696,2.3190267,7.6728482
GSM1692084,0,validation,2.5235585,3.964115,4.0684492,2.8659839,3.3540606,4.0966243,3.6842831,2.6882509,2.4177014,4.2509622,2.6432419,2.5694349,3.0273689,4.3945193,2.5750179,2.3438248,3.2659688,2.6423117,6.5295898,8.0080744,2.712589,4.5442366,3.0045929,4.3396454,5.70808,2.6930975,8.0690472,11.384135,2.9258032,2.9982942,3.4597548,3.0061127,3.3255557,3.8811312,2.3112799,2.5829755,5.5333919,6.7200717,4.968747,5.0149088,4.0192901,2.4510505,4.1245003,3.2004296,5.5738691,4.531612,2.658899,7.4273414
GSM1692086,0,validation,2.226299,3.5849871,4.0630138,2.6748391,2.8221051,3.9300537,3.5972325,2.9106196,2.7210214,4.1165938,2.8181726,2.6310709,2.2754545,4.0327433,2.4595216,2.4186726,3.1340437,3.0277105,6.2582502,8.6944985,2.3000039,3.5140048,2.5147807,4.198476,5.5936199,2.7299903,7.9414491,11.30345,3.3673599,2.5131148,3.132803,2.8881961,2.7192288,3.8690869,2.2865162,2.2830307,6.0236345,6.3907282,4.9262703,5.3507424,4.0324971,2.0686772,5.1981238,3.3198768,5.4516277,4.1355515,2.5682005,6.7588207
GSM1692087,0,validation,2.8005677,3.9375055,4.845799,3.1707967,3.0020556,3.7499485,3.566474,3.2022454,2.569648,4.3172193,2.6472261,2.8150636,2.9877761,4.3887059,2.6389237,2.7601202,3.7909637,3.5940742,6.6084777,7.6650969,2.2825748,4.3870145,3.0729264,4.7484383,6.1374948,2.7654404,8.9326012,11.584241,3.3707418,2.6455581,3.4545366,3.7663878,3.3172959,4.1103043,2.2339507,2.538905,5.5731488,6.6443621,4.5817792,4.5030731,3.6999107,2.5669302,3.333453,3.0048311,6.2723739,4.9677654,2.5304927,8.5607197
GSM1692089,0,validation,2.9111746,4.6545434,4.6153916,2.9942799,3.3755026,3.3952908,3.3413792,4.1446039,2.5016378,4.3957199,2.3490253,2.9189005,3.5456222,4.783982,2.2773265,2.5658918,3.4645063,3.3966311,6.4747167,7.4989763,2.4375759,4.6412142,3.1041334,4.5153287,5.6037764,3.3193743,8.8052942,11.493515,3.3368322,2.7920208,3.5421344,3.1214252,3.561174,3.7075724,2.5334188,2.1220525,5.3300782,6.8903367,5.2194941,4.1932262,4.0242904,2.7923263,2.7892031,3.370465,6.3676734,4.557643,2.2139602,5.1183843
GSM1692092,1,discovery,2.6976156,3.8820442,5.0422884,3.5414798,3.9243359,3.7849345,3.7940121,3.2284346,2.6329276,4.6042084,2.3570748,2.4714947,2.9586076,5.1955294,2.9070926,2.6985953,3.8943316,3.7022733,6.8570166,6.8361307,2.5119078,5.25098,4.0154803,5.0017523,6.3307281,3.7523454,8.2926208,11.40251,3.6936685,3.1688196,3.8333212,3.8847618,3.5412861,4.549839,2.1630452,2.3071039,5.9360057,7.2481725,5.6478926,5.1437626,4.0542766,2.6224103,3.1947359,3.5790925,5.2323479,4.8431541,2.2732743,3.5256331
GSM1692093,0,validation,2.529269,3.8115653,3.4863499,2.4970453,2.5888212,3.6239537,3.4024514,3.8736957,2.5940259,4.5036305,2.5759713,3.0128334,2.8048806,3.7686689,2.6113099,2.1969003,2.7370209,2.4441734,5.9745377,8.0434362,2.2220505,3.9064718,3.3087795,4.0450958,5.4875823,3.0898557,8.0681126,11.481668,2.9024908,2.3609561,2.4003557,2.3674039,2.4484027,2.839879,2.5596579,2.5155796,5.0317985,6.3770607,5.2128286,5.0193097,4.0962619,2.367229,3.2245412,3.1283086,6.4749647,4.3941513,2.4231487,8.1813462
GSM1692094,0,validation,2.6877242,3.9983571,5.091011,3.0425393,4.0605292,3.607797,3.9370935,3.1204971,2.5513219,4.8052932,2.7122259,2.5618141,3.5137609,4.8663619,2.6492336,2.7275228,3.7922119,3.4257197,6.891755,7.2466483,2.8480379,4.5517147,3.4194996,4.8458166,5.8902056,3.1356183,8.5539272,11.467445,3.0081749,3.2863334,4.050106,3.1771057,3.914474,4.3941136,2.6499762,2.0106392,5.4733782,6.7539264,4.7573012,4.8472322,3.6859099,2.2225689,2.9878659,3.5376401,5.798755,4.851079,2.2376617,5.6697974
GSM1692096,0,validation,2.5887368,4.2364278,4.2374052,2.6853166,2.4108892,4.0227053,3.2558061,3.167431,2.5979163,4.7626738,2.1832135,2.8623663,2.540083,4.0718321,2.5683302,2.1011912,2.9332652,2.9527196,5.9302589,7.8387988,2.0965305,4.0573585,2.678995,4.2478412,5.5913472,2.7886191,8.2145935,11.56989,2.617544,2.4580443,2.7348035,2.4747232,2.2879028,2.7723215,2.8387498,2.7316112,4.4580608,6.1726862,4.7765746,4.9490018,3.7117604,2.2941801,3.7558768,3.2796174,5.7792351,3.9393251,2.5947814,8.3037748
GSM1692099,0,validation,2.5543606,3.807752,4.7327417,3.2778447,3.557977,3.2304914,4.581731,2.4077965,3.0941027,4.1811394,2.1889633,2.6810408,3.2932009,4.8354789,2.9445034,2.9743827,3.8224052,3.7948895,6.9306178,8.7312198,2.7284077,4.4761014,3.2156669,4.8228018,6.4069884,3.1665277,8.0869952,11.755805,3.1165612,2.973527,4.3056896,3.397027,3.7681948,4.0428607,2.2960219,2.1818572,4.3118983,6.5679841,4.9289935,3.7216087,2.9611344,2.2650294,3.4509734,3.194052,5.9450542,4.8598741,2.2417665,7.1966389
GSM1692100,1,validation,2.529877,3.7455627,4.516205,2.6847845,2.9206696,3.5784028,3.4231113,2.8623527,2.3253883,3.8532123,2.4401431,2.2411339,3.2872432,4.3184963,2.5586192,2.3786203,3.3816957,3.547501,6.8492115,8.0928131,2.7877048,4.4729879,2.8122226,4.6896555,6.0914694,2.8296613,8.2941672,11.176889,3.7120615,2.6606025,3.8717532,3.4326181,3.2810432,3.9189807,2.424,2.6895548,5.4446738,6.9212921,5.1222047,4.5261218,3.7383394,2.7346852,4.038917,3.6293272,5.8272998,5.0162395,3.1448656,7.4785695
GSM1692101,0,validation,2.4160166,3.1951122,3.0580167,2.5098238,2.8936059,3.1641013,2.9186926,4.0638689,2.1553347,4.9095837,2.936583,2.7801113,2.0647683,3.3009269,1.8044343,2.3841452,2.1895662,2.2862212,5.4906768,8.1981335,2.2071145,3.8916536,2.4414123,3.380777,5.3019084,2.637812,8.2817799,11.42231,2.351321,2.3289959,2.445027,2.4262543,2.909229,2.9502929,3.23681,2.0907104,4.7160013,6.1654085,5.0267517,5.0521081,3.7742577,1.9803616,4.0487627,2.8219106,5.6826461,3.7863347,2.1733761,6.8128551
GSM1692103,0,discovery,2.7437126,4.9161815,4.216743,2.6334653,3.5380312,3.9526343,3.8470188,2.8864219,2.661822,4.3410571,2.2607722,2.9699786,2.6253822,4.2355672,2.3729086,2.297526,3.9241865,3.1598984,6.6198463,8.5253215,2.493905,4.5591719,2.9182573,4.0975901,5.7023752,3.0571884,8.3909456,11.352023,2.9574163,2.8210381,2.9281994,3.1511819,2.8856816,3.6301989,2.2657308,2.4763722,5.9380492,6.6533108,5.35248,6.2624114,4.6030504,2.7437344,5.064296,3.0411241,5.4844207,4.5382155,2.4983515,5.7540882
GSM1692105,1,validation,2.5324335,3.3390193,4.4707297,3.2000663,2.8540293,3.4252429,3.239789,4.0465122,2.6146894,4.1739086,2.0229038,2.7699032,2.9143621,4.5279566,3.0230663,2.3963994,3.1041655,3.1351718,6.2835942,7.4124066,2.2826885,4.4117504,3.1647332,4.3684101,5.8624454,2.9526009,9.1026325,10.753785,3.4748484,2.831993,3.6794618,2.8793162,2.482441,3.4521729,2.9061857,2.1663218,5.2886621,7.1517207,5.2408003,4.4262942,4.7388463,2.8854557,2.7655053,3.8090238,6.6405691,4.6072431,2.3838251,8.2066017
GSM1692107,0,discovery,2.4065743,3.2409206,3.8581038,2.7240547,2.8627205,3.4896071,3.1390389,3.8106354,3.0016928,4.4147764,2.5185004,2.4727737,2.3719285,3.5502267,2.2656872,2.5589292,3.2788367,3.1366172,6.2047685,8.1157626,2.0500404,3.5337199,2.7803685,4.3127869,5.1930559,2.8727099,8.1233685,11.469695,2.9258168,2.6431692,2.9228342,2.6207992,2.3371986,3.1525908,2.8657887,2.4270789,5.5984568,5.6584919,4.5457423,4.6960875,3.8161691,2.2480852,4.223305,2.9517306,5.716281,4.4288692,2.4833517,8.2397951
GSM1692108,0,discovery,2.8387005,3.332234,4.2832447,2.6209055,2.3532313,3.4018352,3.3196646,3.307557,2.5974296,4.0712692,3.9169665,2.6388187,3.0115706,4.1450042,2.2987377,2.4707079,3.2625497,3.0092758,6.3865445,8.3982151,2.2253424,3.9225379,2.9031253,4.1932431,5.4527289,2.4982159,8.634923,11.11002,3.2282693,2.5600452,3.1821886,2.8312954,2.6979149,3.3151789,3.0266395,2.1522507,4.4889172,6.878303,5.2177463,4.8529768,3.9270276,2.763131,4.4887712,3.5139576,6.7822188,5.0582335,2.5549919,8.4786282
GSM1692109,0,discovery,3.0449317,3.1067204,4.3907906,3.064717,2.8790091,2.988269,3.2612754,4.4014575,2.6614389,4.5597088,2.048034,2.5244487,3.5029642,4.8996929,2.6364047,2.6490056,3.9167824,3.4011902,6.2194596,7.5465373,3.0468215,4.8568766,3.2984451,4.759715,5.9014664,2.8626551,8.8596419,10.948657,3.4948607,3.1792614,3.45823,3.2767397,3.3983561,4.3807329,2.4810626,2.2630425,4.9769928,6.8746086,4.6503598,4.0655122,3.5542034,2.618635,3.255793,3.6289586,5.9872717,4.9069065,2.2899764,7.0853532
GSM1692112,1,discovery,2.5819724,3.6512583,3.633806,2.2657971,2.5452878,3.3824164,3.4868756,3.2098488,2.1974866,3.9696998,2.5309071,2.5145977,2.5831051,3.2729684,2.0796102,2.1113824,2.9703657,2.704727,5.7209028,8.2098846,2.1975298,3.4182017,2.8814507,3.7084342,5.43685,2.3751671,8.0734039,11.262144,3.210041,2.3595723,2.6039009,2.1519045,2.4983403,2.8364193,2.1697349,2.3594401,5.7807779,6.0055069,4.9021486,4.9248053,4.4735311,2.0481612,5.7405175,2.6906381,5.4528681,4.3908941,2.4974537,7.4256425
GSM1692114,1,validation,2.2142541,3.3658642,3.5748658,2.6959213,3.1401821,3.7004073,3.3041208,3.0286228,2.3505241,3.8265967,2.4457643,2.7091254,2.6265432,3.6344894,2.5237857,2.2610225,3.0383604,2.8653235,6.365077,8.1295011,2.3841023,4.2979803,2.9614064,4.4051389,5.5046776,2.8120215,7.9915692,11.241864,2.8046922,2.6490848,3.0708309,2.8291339,2.5151252,3.5625388,2.6986938,2.2677932,5.7299339,6.5735961,5.2072669,4.6486768,4.0509429,2.3393517,4.3128884,3.335655,5.607598,4.1842659,2.1589425,7.3023208
GSM1692115,0,validation,2.7688713,3.2041305,4.6437938,3.088236,3.1916795,3.4787136,3.0271584,3.1576548,2.8863134,3.8413984,2.3423418,2.882274,3.1938081,4.6028422,2.7026713,2.7022696,3.5817148,3.9956486,6.4456664,7.995436,2.6729165,4.4959695,3.5467812,4.2821562,6.0569913,3.074023,8.1507121,11.23521,3.9849689,2.835775,3.6063905,3.6318763,2.5252248,4.1564909,2.6599581,2.0077859,5.7295108,6.7045728,4.8082815,4.0663606,4.2216322,2.6784306,3.956293,2.9940941,5.8587838,4.5327535,2.7724571,6.7906061
GSM1692116,0,validation,2.7652255,5.0214603,3.343846,2.6069352,2.9989101,3.2760258,3.0662037,3.6879267,2.8364447,4.7066571,2.3214946,3.2449491,2.5861259,3.2674627,2.1739738,2.157708,3.16037,2.8783964,5.2253912,8.0839595,2.0735694,4.0641959,2.2757113,3.8938062,5.2219389,2.4305404,8.684956,11.324628,2.6142031,2.9021327,3.4017382,2.9783812,2.4322126,2.6844088,3.0758008,2.4618114,5.9953295,6.1602745,5.2751702,4.629591,4.0068381,2.2411862,3.723619,3.4651143,6.3462567,4.0716554,2.3573105,8.6052062
GSM1692117,0,discovery,2.4642417,3.5387757,4.1213067,2.2674982,2.9668912,4.1291918,3.0336525,2.7365789,2.5319132,3.6940678,2.4245068,2.465214,2.1823292,4.046236,2.2734655,2.2856401,3.3844297,3.6278988,6.321233,8.1993351,2.3745804,3.9223562,3.0381362,4.0586681,5.5171954,2.8591494,7.4791026,11.412248,2.9574709,2.5517125,2.3836836,2.6615868,2.6615377,3.0419948,2.2127908,2.2023932,6.2401126,6.8705809,5.3037172,5.1285123,4.0129484,2.0284307,5.4091479,2.9246346,4.9882023,3.2969167,2.3076087,6.3432423
GSM1692118,0,discovery,2.6127155,3.370766,3.5598401,2.582172,2.836343,3.2372664,3.0920217,3.5359889,2.4384177,4.6645541,2.3593675,2.6558947,3.1087447,3.6634306,2.1884094,2.2206837,3.2230883,3.1616091,6.3825428,8.3223786,1.8518889,3.6369227,2.8097404,3.9624223,4.9840788,2.8541415,8.3071745,11.354056,2.6019423,2.2368957,2.9849726,2.3335979,2.711659,3.1770365,2.2573857,2.2940526,4.6206734,6.631213,5.1367048,4.7184778,4.5140506,2.5545228,3.8414653,2.8677551,5.9419463,4.2470984,2.6042353,7.2595148
GSM1692119,1,discovery,2.3385698,3.6229848,4.4842278,3.1951388,3.1907109,3.0387978,3.4814772,2.9574429,2.6693876,4.2792621,2.0932491,2.6414186,2.765106,4.1205813,2.7783406,2.3384046,3.4914167,3.6873855,6.6320602,8.5328429,2.4719274,4.0741467,2.9905982,4.6012349,5.755292,2.8622847,8.3740282,10.977295,3.4941236,2.8375012,2.9323496,3.1118855,3.0252622,3.5618704,2.4281244,2.2716891,5.4387909,6.6235465,4.5279563,4.4573068,3.8911759,2.5201114,4.5730106,3.6233584,5.4428126,4.7157591,2.298892,7.3152524
GSM1692121,0,validation,2.8267404,3.5112975,2.8822137,2.3796941,2.6859469,3.6914606,3.2652868,4.1347425,2.4456987,4.0795033,2.61303,3.0499995,2.4653064,3.3427378,2.1470719,2.2488834,2.9385478,3.0287994,5.4677834,7.8626795,2.0425944,3.7271294,2.76199,3.6958119,4.7219913,2.4458284,8.016694,11.425305,2.5261435,2.5294547,2.6832619,2.5118387,2.0740974,2.999224,2.549141,2.5279306,6.1586426,6.560073,5.4014706,5.639752,4.1266266,2.1479073,3.6273713,3.3088636,6.0058179,4.2970093,2.780011,7.6159315
GSM1692123,0,validation,2.1412803,4.1146494,4.8640725,3.1852304,2.5030452,3.2338781,4.092834,2.1195709,2.4809081,3.369024,2.1906409,2.4193566,3.4806131,4.3686539,2.8486608,3.1767834,4.0807364,3.5988576,7.22018,8.6059234,2.6601126,5.1075432,3.9265896,4.665332,6.1871675,3.2334145,8.351265,11.222559,3.1378543,2.6023278,3.6962395,3.6767607,3.371226,4.4344167,2.1616405,1.8810001,5.871563,6.3346339,4.6702782,3.9784098,3.0919451,3.3700714,4.1793889,3.251424,4.9306419,4.388448,2.2721437,6.1691215
GSM1692124,1,discovery,2.4679807,3.175173,4.0006786,2.7452136,3.0366901,3.2948024,3.6330244,3.1256661,3.1235199,4.3210202,2.3301057,2.2726494,2.8675095,4.3431934,2.1503512,2.2923696,3.7816927,3.3114982,6.4520013,8.2679569,2.3522758,4.0054813,3.2074026,4.2647,5.5076032,3.0709053,8.8190249,11.133587,3.2708798,2.4973932,3.0757324,3.2842724,2.9104941,3.959192,2.4053903,2.3668807,4.2662943,6.5629347,4.9945637,4.121669,3.6104622,2.0486035,4.1801667,2.9865622,5.9865102,4.8359711,2.2920219,7.4473877
GSM1692125,0,validation,2.9534239,3.75967,4.0093538,3.1659235,3.1596312,3.457242,3.2764653,4.0000744,2.6277667,4.1703313,2.1350207,2.763952,2.5068825,3.8916477,2.3960594,2.3830224,3.2088944,3.0713232,6.0072498,7.7052513,2.1640431,3.8134671,2.6109788,4.1879892,5.9918286,2.9490091,9.0340893,11.470907,3.5074344,2.4835851,3.1810954,2.7491633,2.9294189,3.5648807,2.2476986,2.508964,5.0264122,6.652445,5.2052562,5.2080117,3.8487563,2.2995929,3.3417876,3.7317003,6.8168575,4.32345,3.1357416,7.7007469
GSM1692126,0,validation,2.4889955,4.0725066,3.7487949,2.4148893,2.741013,4.0109071,3.1324063,2.8940361,2.8448548,4.2836041,2.2132334,2.7142799,2.4161374,3.3341779,2.2953068,2.4208553,2.9684526,3.3175991,6.2612876,8.5472054,2.1602498,3.5289706,2.2700155,3.8807985,5.315934,2.7136371,8.0176181,11.411643,2.9408222,2.4644101,3.0788659,2.3814122,2.5426545,3.1544438,2.5041138,2.8287567,5.2745059,6.2522792,5.0279733,5.2172197,3.6767941,2.3336428,5.2876489,2.6767155,6.0681753,4.2727359,2.4975025,8.3567287
GSM1692127,0,discovery,2.9312121,3.8615849,3.6771335,3.0160625,3.0712627,3.7848776,3.6422482,3.8450505,2.6446006,4.4418167,2.5267634,2.5935495,2.2786488,3.8099546,2.4470249,2.0842626,2.8574041,2.9971889,5.659452,8.2380262,2.1858758,3.8016511,2.4864223,3.9527403,4.93618,2.8484744,8.4157613,11.397339,2.4937121,2.3821825,2.5024075,2.704761,2.4343769,2.6415676,2.599763,2.6308025,4.637836,6.1086833,4.9841983,4.9803322,4.2070336,2.4715232,3.8672156,4.2069303,5.9577579,4.3458206,2.4803958,7.5379518
GSM1692130,0,validation,2.7227242,3.067632,3.738398,3.0047288,2.6853239,3.7460157,3.3072356,3.1729084,2.5937439,4.6158337,2.6696288,2.6591709,1.9163384,3.4552797,2.2847892,2.1988658,2.9452657,2.6799344,5.5602815,8.3910703,2.1126732,3.9275224,2.3636892,3.7152974,5.2095651,2.7761955,8.5564884,11.530469,2.4712065,2.1974456,2.5976286,2.2088319,2.4330858,2.4875757,2.7071605,2.3398508,5.4661081,6.0521113,4.7983632,4.4164267,3.8057654,2.0617549,3.5929159,2.9293453,6.2433534,4.7876776,2.3607132,8.5411159
GSM1692132,0,discovery,2.9443486,3.4657028,3.3975215,3.0919718,3.040132,4.8522227,3.2964766,2.8726848,2.3859248,4.2544634,2.8103337,2.7521911,2.3345011,3.3070921,2.3655392,2.1790628,3.2800852,3.3638752,6.4328767,7.9902945,2.1756087,3.688505,2.8883918,3.7192444,5.6142507,2.9294417,8.1066536,11.642267,2.535782,2.6058294,2.6099364,3.0095554,2.6075183,3.2132474,2.3164531,2.6873512,6.0842881,6.7022949,5.2892742,5.0919372,4.186735,2.5164619,3.0073463,3.2792543,5.0723948,4.3589091,2.4699521,6.3050112
GSM1692133,0,discovery,2.6534014,4.2457772,4.322075,3.0117611,3.0405718,3.0641458,3.3144799,3.2758862,2.7377378,4.6704879,2.2542886,2.7390372,3.1379114,3.9824497,2.5238836,2.4470196,3.4958924,3.0388616,5.7548167,8.0882151,2.2215775,4.0692992,2.7041239,4.4065929,5.4479342,2.7761622,8.5219444,11.084338,3.5190593,2.7046777,2.9865415,2.8008675,2.8652191,3.5427624,2.9113095,1.9824591,5.2378144,6.6193767,5.1153527,5.4788149,4.2014483,2.3748441,4.7955811,3.568407,6.2570047,4.4194074,2.0939785,6.3192462
GSM1692136,0,validation,2.5808225,3.9588767,5.1938592,3.2716358,3.5978223,3.4320883,4.3587266,3.0615967,2.6450659,4.3402791,1.9590016,2.4989232,3.5643217,5.2774196,2.9199591,3.3349663,4.3791708,3.8515181,7.1183112,7.3500194,2.6069303,4.340491,3.0511828,4.9963471,6.3075783,2.629231,8.4135088,10.824388,3.8387704,3.3504136,3.6704434,3.3508048,3.4421683,4.7298771,2.5851296,2.6541235,4.8906462,6.9337507,4.9553286,4.1070965,4.2468823,2.9638482,2.8734168,3.2512294,5.8622966,5.0872914,2.472643,6.1028204
GSM1692137,0,validation,2.2304828,3.5105325,2.6846044,2.3454121,2.8342362,3.8805566,3.210029,2.6773737,2.3815229,4.1923323,2.5285613,2.5688527,2.3519519,3.3713593,2.0665006,2.0703135,2.716482,2.7154564,5.6493132,8.4197772,2.3214651,3.5611333,2.3332889,3.5810627,5.0021975,2.7071033,7.9714846,11.272694,2.5637762,2.2766962,2.3743629,2.1729724,2.4190085,2.8679076,2.8656663,2.3792839,5.71609,6.253632,5.0326222,5.4193782,4.7139514,2.1225781,6.2389713,3.0164868,5.812254,4.2970049,2.7945068,8.7547036
GSM1692138,0,validation,2.2403307,3.8469791,4.3365939,3.0827122,3.2623934,4.623516,3.3486672,3.0072387,2.1570661,4.2829837,2.217429,2.8093198,2.7787622,4.4092042,2.7228385,2.6965914,2.8791171,3.3512672,6.3858297,8.3002337,2.1094782,4.1257965,2.8634058,4.381327,5.5978235,2.9476852,8.7066162,11.295566,3.1200517,2.6181075,2.9722455,3.3014539,3.1961862,3.4455514,3.1186677,2.404441,5.7121677,6.6676212,5.0376778,5.8586878,3.4460722,2.0171404,5.0146092,3.1714307,6.009567,4.4857201,2.4418331,7.3487068
GSM1692139,0,validation,2.4155173,3.9009486,5.014595,3.0316209,3.4833505,4.1205185,3.6638102,2.7466943,2.9085121,4.5657718,2.6326655,2.7352708,3.1697467,4.8642274,3.5654663,3.3015971,4.1565725,3.4511122,6.904302,7.4264257,3.1049169,4.9477251,3.5539087,4.7633536,6.1306153,3.0155481,9.1051164,10.94522,3.5581085,2.6903679,4.2557222,4.1955027,4.1105018,4.5391184,2.5444572,2.5232141,4.9581496,7.0244794,5.1354354,5.1093111,3.934426,2.7431421,2.6936246,3.9003104,6.5752613,5.3034915,2.2438409,6.1597268
GSM1692140,0,validation,2.5647033,3.879708,3.9710202,2.795666,2.5127126,3.6711161,3.4498405,2.6359236,2.4457315,4.2987553,2.33281,2.7707945,2.7275071,4.1135304,2.2040784,2.1500281,3.5849806,3.0787532,6.0830464,8.7042663,2.564329,4.3411141,3.1285828,3.7681833,5.8101875,2.5965329,8.1543604,11.366772,3.0827064,2.8533647,2.7807592,2.5943032,3.1642992,3.370804,2.8046822,2.5421035,4.6050136,6.2894431,4.7787633,5.5429581,3.8620937,2.0364514,4.0590294,3.9235058,5.4939624,4.378315,2.4381345,6.7755964
GSM1692141,0,validation,2.5867182,4.292501,3.4415425,2.7771568,3.0951104,4.0434621,3.3129501,3.3795353,2.7267661,3.571862,2.1875318,2.7279957,2.2450062,3.6591904,2.6147734,2.3187686,2.9270741,3.0349144,6.1720233,8.0447253,2.2073263,3.6670512,2.4101183,3.9852395,4.6175593,2.567293,8.2037882,11.342794,2.2496027,2.444368,2.9647284,3.3512942,2.2102258,2.7774733,2.6031851,2.7953949,5.7097465,6.5802218,5.5800729,6.2107853,4.3069548,2.370176,3.7676287,3.5621655,6.2822376,4.6229276,2.5443423,7.8580709
GSM1692142,0,validation,2.5056859,3.8720335,4.7845634,2.9301859,3.630572,3.3463729,3.8730553,3.4395909,2.3462196,4.8236435,2.0821046,2.9453895,3.4976291,4.7264456,2.3876972,2.3146094,4.2193393,4.8572584,6.470419,7.171487,3.4253214,5.0503904,3.1075879,4.4054716,6.5124168,3.2063999,8.7055373,10.711718,3.1678346,2.7842474,4.5105048,3.1541247,3.5049448,4.47531,2.9517801,2.1370837,4.914087,6.9370702,5.0442185,3.7822542,4.1687717,2.5432321,2.8140456,3.1313157,6.1540857,5.4170757,2.885439,8.2453325
GSM1692143,0,validation,2.3193412,3.7715315,3.703059,2.81327,3.0656356,4.3445866,3.5226988,2.5701939,2.7286298,4.671203,2.5573985,3.1361631,2.6146161,4.1824507,2.4978077,2.5783535,2.9119795,3.63523,6.077526,8.4828608,2.2909671,3.8148923,2.8846901,3.8841003,5.8745683,2.9512094,7.8754696,11.172701,2.8123795,2.5556138,3.2534949,2.257056,2.8636063,3.030681,2.6479978,2.8834106,4.6975737,6.7445965,5.3136523,4.7760523,3.4509064,2.0527995,4.0632106,2.9975995,5.6505859,4.0599131,2.1580181,7.3141212
GSM1692144,1,discovery,2.3102373,3.915193,4.1360629,3.0340032,2.905002,3.1841292,3.3894899,4.3560748,2.4043229,4.7825632,2.4702945,2.7798667,2.4159953,3.7747489,2.3060512,2.2845171,2.8362515,3.1344119,5.8236318,8.390851,2.016942,4.1762437,2.8068009,3.924494,5.4446071,2.8373103,8.8141043,11.431536,2.6774909,2.4242529,2.8598379,2.3768894,2.7054516,3.2809425,2.7519199,2.4728202,4.2867902,6.2464325,4.930628,4.8613216,3.9505918,2.135731,3.8640378,3.398155,5.8373836,4.4734651,2.4187321,7.9397343
GSM1692145,0,discovery,2.4099801,3.4104661,4.2384964,3.0251776,2.895923,3.8053414,3.7619547,2.9890698,2.672261,4.4368649,2.5574983,2.8507733,3.1568501,4.3471019,2.6120572,2.6089029,3.4308333,3.8091613,6.4460715,8.0633451,2.3012788,4.0819583,3.1319043,4.1458814,5.8687176,3.1060052,8.0870312,11.466243,3.6912029,2.7163193,3.4945267,2.9999009,3.2235634,3.6522296,2.4243413,1.9975026,5.4194192,6.8192568,4.9673345,4.3047491,3.467864,2.4634888,3.9629943,3.2179654,5.425234,4.6095615,2.376265,7.6935038
GSM1692146,1,discovery,2.3682716,3.5075967,3.450111,2.5847921,2.7721116,3.9501703,3.3915073,2.998928,2.5892565,4.2367609,2.0677371,2.8554948,2.4288333,3.6895908,2.6114642,2.1395654,3.1570323,3.132625,5.9776046,8.3902345,2.1354993,3.7934802,2.9917288,4.1507695,5.5672751,2.7934447,7.9053432,11.349789,2.8536677,2.6859014,2.7170464,2.4964761,2.7733948,3.4599273,2.3630438,1.9723788,5.6348406,6.6267651,5.1763325,5.5518506,3.9130525,2.2666018,5.2173684,3.1762647,5.3673483,4.0135291,2.4497891,7.8284989
GSM1692148,1,discovery,2.6701397,4.1221994,3.9828517,2.7976377,2.9609103,3.3088092,3.4252104,3.4543058,2.5335131,4.2836159,2.4120122,2.8727098,2.5315112,4.0744444,2.3752046,2.1950177,2.8137013,3.0197609,5.8936411,8.2734898,2.0975266,4.0549603,2.9687005,3.8677639,5.5170577,2.6834941,8.5769575,11.225375,3.1675745,2.7546112,3.0793473,2.8972661,2.5197311,3.4432413,2.8406325,2.2190274,4.5618233,6.4555856,5.000865,4.6274963,5.4365366,2.440465,5.5411869,3.0024496,6.2841061,4.5714023,2.2477248,8.3587764
GSM1692149,1,discovery,2.4776702,3.4520384,4.1049696,2.5809702,2.7458667,2.9699271,3.5285374,3.5868122,2.5692913,4.4199112,2.337496,3.2338992,3.4854779,4.1757301,2.4286006,2.8673979,3.3932992,3.2199516,6.2056033,8.0513357,2.7326881,3.7913102,3.1641151,4.1455086,5.7116943,3.0453877,8.4672877,11.537411,2.8411909,2.5308995,3.1006205,2.8803649,3.312662,3.8537577,2.9529192,2.0455039,4.9867709,6.4662281,4.8777926,4.3219893,4.3805675,2.4710323,3.7814776,3.2679144,6.5729337,4.6507218,2.5090507,7.6564633
GSM1692151,1,validation,2.5171684,3.6128663,4.7457345,2.7631125,2.8167926,2.7057602,3.8538316,3.3924944,2.4469851,4.5354073,2.2925503,2.3128213,3.2337256,4.6022029,2.2838963,2.4386285,3.4064448,3.0189984,6.1067411,7.8909935,2.563288,3.8968838,2.8586253,4.2871377,5.8232466,2.5090842,8.4647205,11.009698,3.2942089,2.6223183,2.8879539,2.9919279,2.4944523,3.4183144,2.2733101,2.3160033,4.8767964,6.5635223,4.5835554,4.8065697,5.7984019,2.5682239,4.224686,3.7906269,5.9565136,4.3993061,2.5370118,6.6487927
GSM1692153,0,validation,2.8346472,3.6753828,4.1810248,3.223945,3.0992753,3.4249723,3.7393,3.2288835,2.3713295,4.4967357,2.5694707,2.8608827,2.6261217,4.0670107,2.2019099,2.2471009,3.0247961,3.0998142,5.9799842,7.694289,2.1034549,4.3927216,2.9061353,4.2102417,5.5906896,3.0066058,8.7124936,11.389946,3.1191767,2.4558036,2.8682552,3.1314673,2.7528627,3.1360516,2.0634668,2.9375829,5.6424564,6.5951083,4.8005612,4.4104923,3.5057127,2.6680588,3.0057057,3.2617322,5.5401463,4.7315452,2.6879057,8.0555657
GSM1692156,0,validation,2.3428275,3.3568293,3.6787776,2.4107648,2.8705272,3.5538787,3.1788504,3.0661051,2.6833185,4.2891624,2.3213693,2.392538,2.2770381,2.9080125,2.4380309,2.4535609,2.8944881,2.9704305,6.0377207,8.4523562,2.0776481,3.6479319,2.5743647,3.8538896,5.4655141,2.9135317,8.3549825,11.522124,2.6840921,2.4507809,2.8237865,2.8325354,2.6391325,3.5399983,2.8597232,2.2906582,4.7317526,6.2726373,4.9232156,4.5911022,3.9914414,2.1369285,5.6730623,3.2701902,5.8396211,3.9593812,2.7833496,7.8816504
GSM1692157,0,validation,2.2347266,3.5242247,4.2870358,3.2992233,2.6905094,3.4998304,3.1973567,3.1343436,2.3749178,4.2244932,2.2352428,2.847589,2.9177359,4.3272813,2.4717499,2.6924179,3.4498736,3.0974151,6.3852578,7.9521351,2.3144398,4.3787659,3.3168339,4.4617045,5.5593474,2.9506104,7.5395575,11.530506,3.0510875,2.6796327,3.5316548,3.2150136,2.5327641,3.1552777,2.5675237,2.8920175,6.4209724,6.4729277,5.215496,4.6744853,4.0760365,2.3890481,3.4899414,3.1532706,5.6530052,4.491258,2.2826426,6.7642169
GSM1692158,0,discovery,2.5516828,3.3130825,3.8404491,2.8895445,2.7197264,3.7001952,3.2103917,3.2032237,3.1555067,4.788792,3.7531621,2.6460412,2.2970176,3.6303825,2.4473266,2.2917537,3.3199111,2.9331447,6.2814376,8.5307287,2.1398707,3.8977251,2.8949034,4.0881484,5.1889563,2.5159088,7.7018508,11.598233,2.7888157,2.6703679,2.5734703,2.4247934,2.6419331,3.2813792,2.5858858,2.466247,5.6087456,5.7997736,4.582715,4.452913,3.8816887,2.8844243,4.2840442,3.0195234,5.6228617,4.155907,2.6404179,6.7035567
GSM1692160,1,discovery,3.5111968,3.7274777,5.8291932,2.9861078,3.3713425,3.7023406,3.2493504,3.315835,2.6158273,3.3886426,2.3664157,2.6733242,3.7951849,5.6616099,2.7314743,2.5521107,4.2467583,4.8555753,7.1013585,8.040382,3.7519706,5.300331,3.9209539,5.2404361,6.9744367,3.2020446,8.8142094,9.6584491,3.7960416,3.6593381,4.655056,4.7021625,4.6514302,4.4323836,2.8390513,1.9932256,3.1717257,7.1446727,4.7220724,4.1927132,3.9043763,3.3933355,3.4075706,3.6829582,6.4873809,6.4101352,2.7827406,7.4611885
GSM1692162,0,validation,2.7062001,3.1143982,4.2772331,2.6217029,3.1552835,3.3365496,3.9078513,2.9919719,2.5742495,4.2689202,2.0487539,2.800812,3.4136932,4.1610051,2.8910378,2.7098623,3.7124132,3.0259189,6.3208816,7.9342075,2.2968032,3.9879438,3.0048187,4.1140147,6.0708354,2.7137144,7.8591728,11.292126,3.1947283,2.9050522,3.6209115,3.2819245,2.6772047,3.576407,2.0160869,2.5050801,5.703347,6.5187709,5.4334459,4.0923384,3.1730041,2.40977,3.2355037,3.276738,5.5436675,4.3089255,2.5994154,7.1622
GSM1692163,1,validation,2.7262825,3.3291626,4.5207748,2.7021841,3.4051399,2.8694066,3.4144751,3.4946185,2.389936,4.5420037,2.420599,2.322874,3.4167246,4.4014827,2.236217,2.2589708,3.3456429,2.987055,6.4947199,7.5679878,2.8846694,4.8263099,3.3426942,4.7784331,5.8661474,3.0848739,8.8967355,11.115144,3.3594823,3.0739197,3.5086566,3.5654723,3.0313073,3.8644908,2.455855,2.2161936,5.9088649,6.7278456,5.0693922,4.6224978,3.5452008,2.3567075,3.3006022,2.9527242,6.0685658,4.7252485,3.0258326,6.9835228
GSM1692165,0,discovery,2.7067001,3.1231302,4.6882819,3.0916315,3.0400475,3.1754622,3.6440514,4.1491925,2.6830847,4.365676,3.0471118,3.5174326,2.8804848,4.1792745,2.496438,2.6906891,3.6244353,3.1086423,6.0757538,7.6796079,2.7608299,3.8556483,2.8869443,4.4411399,5.9678401,2.8179034,8.6687358,11.292383,3.8039141,2.7357538,3.5707714,3.4975907,3.175563,3.782226,2.392717,2.0838468,4.8080421,6.3811809,5.1390606,4.9964163,3.5923703,2.2659329,3.1816728,3.2720137,5.878747,4.7566657,2.0395693,6.9685642
GSM1692166,0,validation,3.0236261,4.6713289,4.4800076,3.0791977,3.5256588,3.3956287,3.7324843,2.8280898,2.7183298,4.5531846,2.3661534,2.4325212,3.2293509,4.5067723,2.1921643,2.6121779,3.4908619,3.4189044,7.1261873,7.9428449,2.4254566,4.5361895,2.9081534,4.1896662,5.7485563,2.8235338,8.6603384,11.183585,3.7386194,2.8114809,3.3854181,3.4722066,3.5115035,3.1545477,2.5078393,3.167109,6.0739363,7.1239753,5.4044051,5.1534265,3.6679392,2.190542,3.1609652,2.8107589,5.6768819,4.2507572,2.7447111,7.3732475
GSM1692167,0,discovery,2.5964882,3.4446165,3.0042124,2.3860495,2.8015772,3.3586815,3.2593431,3.5473063,2.7405653,5.2639645,2.2866443,2.4181747,2.6611407,3.8469504,2.2356572,2.2951308,2.9467011,2.9007137,5.5451612,8.0604386,2.1727647,3.5545297,2.7347504,3.5719294,4.8004442,2.6766924,8.4176325,11.647165,2.968906,2.6737723,2.7667335,2.39187,2.4910588,3.0171548,2.8608466,2.4993803,5.4368735,5.8176561,5.1020391,4.8489943,3.6727497,2.1245973,4.1665816,3.0659341,5.815591,4.2381982,2.5245474,7.7660649
GSM1692168,0,discovery,2.8449966,4.1710437,4.1331641,3.1427538,2.9661894,3.2935345,3.6712348,4.691516,2.5156925,4.3744086,4.0690121,2.6620597,3.2525227,3.9659335,2.1467822,2.5911285,3.6834772,3.2302711,6.4111112,7.1213321,2.3634392,4.1027599,3.2860765,4.9702827,5.9370433,2.9859966,8.8508238,11.209983,3.2761616,3.0100063,3.41956,3.0688003,2.9443035,3.5504109,2.0897129,2.4276056,5.4392333,6.8957877,5.5987849,5.5070728,4.1613692,2.2263226,2.6774796,3.3644921,6.379473,4.7173462,2.6998254,5.2033396
GSM1692169,1,validation,2.5180159,4.3818199,3.88128,2.9806907,2.8457674,3.6447309,3.3626469,4.8552738,2.3284776,4.365369,2.3074875,2.7111524,2.6734287,4.315577,2.2231133,2.2951358,3.4311449,3.0933843,6.3180837,7.6970128,2.4197097,4.2866242,2.8640605,4.4531417,5.7061138,2.8754518,8.3299322,11.449576,2.5676418,2.7255093,2.997137,3.1143288,2.88217,3.3694889,2.3842276,2.1587593,5.9558214,6.6930743,5.3902936,4.7833242,3.9286574,2.6277326,3.2350598,3.249727,5.7999359,3.8906319,2.3163348,6.6232163
GSM1692170,1,discovery,2.8367833,3.7698881,4.2681687,2.8468555,2.9933912,3.336451,3.4663714,2.6053723,2.8213734,4.5852704,2.14029,2.8369881,3.3264453,4.3776739,2.5476995,2.6124798,3.4033234,2.9353136,6.491942,8.4415473,2.0954124,4.4729185,2.6815888,4.4007578,5.293703,2.763081,8.1951361,11.438526,3.1871912,2.6147348,3.1987731,2.9396208,2.6741211,3.7526822,2.1668235,2.0120972,4.2713522,6.3200021,4.9307037,4.3143665,4.1227243,2.1321567,4.9653097,2.7848499,4.8716499,4.4363931,2.536963,6.4165764
GSM1692172,0,discovery,3.0125224,3.6020611,4.2616281,2.9485714,2.8491878,3.4057603,3.4669693,3.606762,2.3734187,4.7679691,2.5572846,2.5049598,3.4788503,4.1156337,2.4505779,2.3894644,3.3543807,3.2967375,5.9532181,7.8511781,2.2195938,4.1414153,3.1268932,4.2322463,5.2306472,3.2631407,8.3987133,11.528577,3.277227,2.9614995,3.2722334,3.0700504,2.8382225,3.4992119,2.009965,2.2907918,4.1519312,6.3440368,4.6706666,4.0648875,3.9869354,2.6304694,3.7020647,3.5537773,6.2603457,4.5725581,2.5510336,6.2660812
GSM1692174,0,discovery,3.1253123,3.1975125,4.2257454,2.8994173,2.9264635,4.2611176,3.1831998,2.9792811,2.6192091,4.5277681,1.9815953,2.3904699,3.3173405,4.6786385,2.6400749,2.3979445,3.6921606,4.622657,7.5661243,8.4725793,2.5118656,4.7637386,3.1321341,4.6495451,6.0466271,3.2034391,8.2233324,11.495353,3.9036654,3.3542535,3.9509121,3.4733412,3.7158232,4.2529883,2.5222444,2.0361457,5.3877422,6.6057072,5.0013428,4.3987952,3.7971151,2.6506348,4.100088,3.0867257,5.5670124,4.6801398,2.5851075,6.9660452
GSM1692175,1,discovery,2.923481,3.2999778,4.0990688,2.7557652,2.7522716,3.102628,3.5177889,4.1261232,2.5853887,3.8850912,1.9396643,3.5950657,3.0448278,4.1176856,2.5935337,2.64618,3.3654421,3.2829367,6.3543008,7.7873412,2.0979875,4.4520197,3.3860826,3.8113418,5.5981594,2.7783496,8.9169585,11.143078,3.2714592,2.5235891,2.8161082,2.8297647,2.9982017,2.8428122,2.8014199,2.2873525,4.6031186,6.6181231,4.8437813,4.093911,4.7360925,2.5136347,3.2495464,3.2942897,6.7784279,5.0578739,2.5383302,8.5624466
GSM1692181,0,validation,2.8585878,3.3002343,5.2078472,3.0596036,3.0682385,3.8690166,3.857661,2.843708,3.6402006,4.0355276,2.013552,2.7307567,3.0170729,4.9399827,2.7537253,2.4786407,3.7175782,3.5769216,6.8314085,8.13688,2.5033861,5.350867,3.7730963,4.5140939,6.4913108,3.727894,8.4617917,11.445151,3.5554663,3.8810751,3.8633566,4.1934037,3.9611761,4.307543,2.7756066,2.3468603,5.9458424,6.5748485,4.8274293,4.0767606,2.957447,2.677421,3.9278638,3.3540037,5.0543188,5.2350535,1.7504964,5.8597519
GSM1692182,1,validation,2.9972271,4.1629351,3.9386502,2.9428102,3.0898876,3.2311785,3.291841,4.4302744,2.9169727,4.7324711,2.4741177,3.0768656,2.5441017,3.9089172,2.4555208,2.3785194,3.1154271,3.2228872,6.1114426,8.1153402,2.0615437,3.7636132,2.8362869,4.3073236,5.4138774,3.2521025,9.0223606,11.265467,3.2153801,2.3310998,2.8915134,2.539453,2.8005217,3.6212026,2.8363125,2.4277647,4.9729879,6.3210626,5.0667711,4.92893,4.2252681,2.3904691,3.8925478,3.7102797,7.0626497,4.2454636,2.9016619,9.155279
GSM1692184,1,validation,2.306658,3.8971884,4.2894684,3.0830708,2.7234474,4.5800205,3.5807224,2.6606472,2.4521408,4.302017,2.4635304,2.7269431,2.896518,4.1679667,2.6473622,2.4135407,3.4807406,3.2403771,6.7498461,8.1404714,2.5001993,3.9730127,3.2805109,4.3775614,5.7360187,2.4045711,8.4789235,11.088418,3.439582,2.7199733,2.9101105,2.6947862,2.7519847,3.7585888,2.1115821,2.4128144,5.9357861,6.9873313,5.0649735,5.4264874,4.5868877,2.4984701,3.8914394,3.2463385,5.9031937,4.5197354,2.7922532,7.2053275
GSM1692186,1,discovery,2.653099,3.5281365,3.2432491,2.8073829,3.0398432,3.6591648,3.2621439,3.2612235,2.4577665,4.0517408,2.0289125,2.4948027,2.0881734,3.7034959,2.1106285,1.9027453,2.7694479,2.9780501,5.7619018,8.7671732,1.9107401,4.18344,2.9512626,3.7776322,4.8618006,2.9072413,7.9752042,11.143626,2.6048837,2.7724155,2.5517734,2.3495407,2.2459069,2.8326688,2.8698379,2.1098347,4.9032168,6.440908,4.9352178,5.3418542,4.2244302,2.1884961,5.6181026,2.7648151,5.6938558,3.8582261,3.2426488,7.7513448
GSM1692187,0,discovery,2.605364,3.3931478,3.3121205,2.6630655,2.6069247,3.1422393,2.9015265,3.1139842,2.4495692,4.4012949,2.2667133,3.0403035,2.3714458,3.6628033,2.3208765,2.2929926,3.0731576,2.8663313,5.7134631,8.4029057,2.1093819,3.7395058,2.4807353,3.761097,5.2279433,3.1306085,8.2984987,11.426074,2.8200025,2.4686476,2.5409889,2.8656945,2.6940159,2.991936,2.7232639,2.0751354,5.1858685,6.1937287,4.5524736,5.277568,3.9715266,2.0707351,4.4236826,2.8037675,5.3324263,3.9264101,2.8293652,8.1741776
GSM1692188,0,discovery,2.5330042,3.4245242,5.3537659,3.2784331,3.236884,2.540074,3.6865807,4.1565585,2.8963432,4.3428948,2.1159711,2.7633934,3.1290944,5.2071107,2.3924266,2.5387543,3.9391999,4.0912282,6.2320141,7.0772484,2.7213342,4.9311198,3.8232218,4.807156,6.2178745,3.1452899,8.7415554,10.318023,4.8203824,2.8600091,3.7127045,3.6512456,3.7384249,3.7946018,2.9227326,1.9112444,3.6324476,6.8891538,4.8828502,4.364952,3.7839503,3.2522623,3.6315729,3.3148992,6.6167439,5.5245752,2.2231707,7.7719755
GSM1692190,1,discovery,2.7256175,3.315656,4.4354979,3.0454917,2.7268307,3.7490247,3.8820343,3.1464374,2.7040682,4.1864137,2.3757872,3.0842749,3.3782688,4.1758331,2.4639998,2.6181191,3.4402333,3.4936958,6.216659,7.6563792,2.490748,3.9402916,3.1671466,4.7287095,5.6693439,2.9084092,8.419615,11.526802,3.395048,2.671414,3.5706039,3.2999833,3.1738485,4.159861,2.1288655,2.1456945,5.3670114,6.918132,5.0245594,4.1974233,3.7140567,2.5206552,3.1069607,3.466956,6.3152168,4.7535795,2.3381244,7.4466519
GSM1692191,0,discovery,2.420012,4.3296099,3.7485685,2.7768784,2.6816292,3.1200103,3.7377748,3.7280829,2.5774537,4.1215112,2.2718562,2.6942376,2.8832699,3.0449539,2.3071511,2.0446841,3.1049102,3.0026823,6.0388486,8.2620517,1.9293252,3.9213176,2.5717491,4.0098568,5.3802737,2.915531,7.9473635,11.171437,2.4585573,2.5832657,2.5928192,2.8509331,2.5980801,3.1055182,2.2622507,2.6092528,5.1528231,6.9463988,5.5886126,5.2725284,6.4150025,2.2795676,5.0989527,3.8249295,5.9175477,4.3123619,2.2363527,8.0562011
GSM1692192,0,discovery,2.4339752,4.2786825,4.2902738,3.2052809,3.2096937,3.8995695,3.4334982,3.210961,2.0523878,4.1223667,2.3966879,3.2914019,2.7263739,3.7721139,2.1730702,2.2436543,3.2201175,2.5275954,6.3336034,8.2779273,2.2298425,4.2434991,2.7697075,4.1526602,5.6599499,3.025805,7.946119,11.574378,2.7375852,2.8862205,2.4625123,2.7647387,3.2639601,3.90789,2.4138824,2.5303741,5.6497543,6.3732834,5.0377504,5.5586251,3.8143889,2.3427862,4.512366,3.0474084,5.2103587,4.3442067,2.0526641,6.7769098
GSM1692193,0,discovery,2.8270738,3.3325706,4.1785296,3.1705015,3.0564195,3.6223469,3.3363696,3.7535544,2.2217825,4.6134522,3.0643742,3.0933312,2.7314603,3.8342153,2.5756463,2.5715639,2.9287927,3.6764543,6.5071573,8.1083431,2.9539307,4.1329124,3.1718671,4.3863544,5.779126,3.3840685,8.474394,11.426935,2.6944451,2.3989806,2.6381178,3.175669,2.9023045,3.7553482,2.3829545,2.501577,5.6034383,6.8144792,5.0900691,4.9080488,4.5645914,2.404039,2.9109416,3.2595974,5.9453948,4.6751573,2.5971361,5.7877302
GSM1692196,0,validation,2.4409076,4.0673615,4.1958581,2.8819151,2.9405301,4.0215212,3.4136477,3.2927721,2.7017332,3.5627183,2.8150054,2.9202612,2.8709294,3.8492346,2.3480084,2.2339182,3.4340582,3.9043837,6.3630942,8.3992008,2.4308293,4.1805969,3.4933033,4.4327462,5.318788,2.8031633,7.9165917,11.233977,2.8996369,2.6003586,3.2752543,3.5158633,3.2863181,3.2567648,2.220547,3.2757143,6.0699335,7.181432,5.7369858,6.7794968,5.3086231,2.0384734,3.7964794,3.4769883,5.3787175,4.4415178,2.2652651,5.675601
GSM1692197,0,validation,2.9220978,4.0584594,4.048453,2.811721,3.0462851,2.8655656,3.6428739,4.1887997,2.3005114,4.7880844,3.1226873,2.847943,2.8667877,4.0979027,2.8932112,2.2226187,3.3401087,2.8225014,5.9224105,7.6394383,2.2448109,3.9859804,2.5716991,4.1054466,5.2191285,2.8361206,8.6836537,11.456292,3.0084676,2.4757006,2.9603782,2.9426227,2.7112759,3.3886557,2.7274919,2.2577903,5.2583702,6.2677669,4.8410261,4.3258551,3.7778366,2.5026402,3.9655273,2.9568058,5.8042336,4.2684169,2.2195121,7.3458958
GSM1692198,0,validation,2.2241446,4.8341803,4.494183,3.136263,3.0202112,3.8518209,3.2721279,3.1995739,2.3618538,4.1249378,2.7594014,3.0289034,3.337552,4.3139656,2.2661493,2.6970279,3.1173143,3.9258986,6.5588097,8.1424419,2.3303698,4.955017,3.2838034,4.8147201,5.8017532,3.0295717,9.0072451,10.702825,3.2419041,3.1104973,3.1103886,2.9472604,3.2999345,3.9406033,1.8234199,2.7866135,5.8680471,7.1666133,5.5774733,5.9496883,4.9605364,2.4911858,3.5410173,3.6302019,6.2913363,4.8850728,2.1240113,6.1389188
GSM1692199,0,validation,2.997474,3.3349551,4.2128148,2.7915039,3.3054566,3.2754077,3.6430577,4.0435092,2.4784874,4.4839258,2.2973181,3.1532564,2.673445,4.0783749,2.3556392,2.2822193,3.421652,3.1295242,6.4608242,7.989111,2.4618213,4.172154,3.0788039,4.479841,5.7607729,3.2091569,8.5567925,11.406167,3.0551959,2.4575354,3.1692743,2.8439637,3.2753091,3.0960575,2.5928484,2.4591524,6.0860657,6.5416356,4.9023485,4.8040945,4.0014479,2.3569398,3.4925676,3.0185455,5.7687851,4.2612347,2.8899526,7.9632841
GSM1692201,0,validation,2.8573773,3.6675105,4.5435182,3.1413222,3.0572327,3.0649302,3.4246787,2.5369129,2.6131295,4.2629639,2.9286827,2.7986326,3.3581863,5.0216099,2.5189775,2.7761803,3.8568861,3.794707,6.7457673,7.433943,2.121432,5.1914802,3.2825911,4.7966266,6.3967313,3.0837721,8.6410336,10.95008,4.0449625,2.3958015,4.405436,3.4966189,2.9863956,4.5572122,2.7438305,2.1293095,6.0477131,6.9710627,5.2450724,4.83067,3.4069554,2.2959111,2.5493096,3.306559,6.0862148,4.8888083,2.2530799,7.1306987
GSM1692202,0,validation,3.2151066,3.6090239,3.9950858,3.1480095,3.1023216,3.7488731,3.5062603,3.7901994,2.7620301,4.2954092,2.0676071,3.0605045,2.3449026,3.6676639,2.8500062,2.301664,3.2416347,3.0576206,6.2241699,7.4365885,2.1628306,4.3998789,2.6479857,4.3964397,5.4312366,2.9591188,8.9383547,11.136765,2.807322,2.6011117,2.9932911,3.0437153,2.440114,3.3311464,2.4624802,2.3281813,4.5754348,6.6679312,5.2816798,5.3352608,4.9062063,2.4633278,3.2018607,3.7294039,6.5552829,4.4802811,3.6345721,9.0821233
GSM1692203,0,validation,2.3492349,3.1709894,4.0567151,3.2246168,3.0970729,3.741391,3.1784775,3.5100561,2.6642783,4.5996207,2.1097228,2.7468822,2.7541111,3.8983363,2.5906587,2.2017091,3.3426291,3.3322093,6.1185203,8.3399018,2.3830893,4.041539,2.8115229,3.9236572,4.9757571,2.5087125,8.6431296,11.273414,3.3540564,2.4747167,2.7672885,3.2192627,3.2810624,3.3723702,2.3502457,2.6226119,5.3666412,6.5765047,4.8709881,4.9181547,4.218307,2.3548138,4.6725166,3.1991119,5.9652739,4.6836847,2.3781613,8.3066237
GSM1692204,0,validation,2.4671022,3.2465001,3.6445447,2.6678651,2.8024881,3.4508145,3.2352778,3.3625009,2.5781391,4.7083302,2.2059642,2.2844739,2.3956792,3.7487318,1.937547,2.0273908,2.7831029,3.0285429,5.9294029,8.387386,2.227278,3.5613026,2.7758072,3.2341077,5.5334673,2.992673,8.4956144,11.353309,2.6978467,2.2122424,2.7592886,2.4150234,2.1743236,3.263855,3.0406451,2.3779772,4.9805511,6.3448386,5.1191873,5.3024836,3.9981744,2.1597443,3.7149897,3.7483925,6.297532,4.0312501,2.6804984,8.2123524
GSM1692205,1,validation,2.7347432,3.7595025,5.454122,3.5548886,3.0314162,2.748888,4.2797957,3.383231,2.4529959,4.1427629,2.1653781,2.4690139,3.7360407,5.1848268,2.5340369,3.1109489,4.0968364,4.2101385,6.6796707,6.9101138,3.0995158,5.1261165,3.5209677,4.3347297,6.5247593,3.3176558,9.416487,10.746273,3.3201797,3.020798,4.5126694,3.859692,4.0843697,4.59973,1.9435859,2.0599345,4.4991017,6.9243015,5.2921808,4.8315302,4.6258024,2.470975,2.5798602,4.0777006,6.8507282,5.5245498,2.374549,7.4785426
GSM1692206,0,validation,2.7857701,3.6979498,4.8013782,3.0617453,2.9244252,3.4539159,3.2229618,3.999657,2.6538888,4.2614427,2.0569316,2.6013236,3.4145616,4.7290296,3.1715293,2.5759292,3.8540458,3.1858669,6.5707397,7.905653,2.5556018,4.2687522,3.4161285,4.8316128,5.9472114,3.1369092,8.7631516,11.31421,3.7186036,2.5379789,3.5361307,3.5195403,3.1512287,3.4323792,2.4929382,2.6850408,5.1595861,7.1161766,5.4615704,5.2588423,4.3589536,2.8526232,3.1795573,4.2883209,6.1097995,4.7263433,2.3077225,7.126408
GSM1692207,0,validation,2.72559,3.1545483,4.5655531,3.0863189,3.8641202,4.0166855,3.3932295,2.6511054,2.760801,4.2190878,2.9198701,2.2860819,3.1685662,4.7039594,2.2871057,2.8288016,3.5533864,3.4009534,6.7319916,7.9236006,2.3995338,4.0040794,3.312109,4.4802571,6.0592082,2.9457482,8.2396422,11.5755,3.5826954,2.7749807,3.4443998,2.8067431,3.6567322,4.2690419,2.3779025,2.2620603,4.4221123,6.8397206,5.1112015,4.5865744,3.713518,2.4498634,3.3480084,3.1151941,5.2911537,4.9002685,1.8980395,6.9055044
GSM1692209,1,validation,2.5867442,3.1963502,4.6380176,2.8569297,2.8845691,3.2742653,3.5360378,3.3897204,3.0827809,4.7602129,1.9838156,3.0644102,3.4520542,4.4842602,2.633659,2.9479035,3.8978894,3.1634024,6.1519472,7.6964557,2.529291,4.0994399,3.0123815,4.6514871,5.6740314,3.3215674,8.6573067,11.248569,3.2363874,2.8560546,3.1147173,3.18484,3.4230965,4.3442156,2.8096692,2.2655751,4.8321021,6.7390125,5.0245682,4.7570785,3.8472978,2.338493,3.2543876,3.0496106,6.2075987,4.4556473,2.3802854,7.8694652
GSM1692211,1,validation,2.459726,4.2664977,3.875391,2.7544222,2.9164457,3.6440232,3.4667405,2.9324082,2.245697,5.0702195,1.8547077,3.0942316,2.4618032,4.0768823,2.1029043,2.2620775,3.1509913,3.0629063,6.5003059,8.2979952,2.1940705,3.8845943,3.1553575,3.8129051,5.462534,3.0800378,8.7167689,11.538859,2.7345881,2.304967,3.019842,2.7872426,3.0744269,2.9431082,2.8645983,2.0008529,5.5107032,6.5273832,4.7518664,4.0858462,3.9991605,2.5427149,4.6698835,3.4024258,5.9132379,4.2023953,2.1835125,8.6434158
GSM1692212,0,discovery,2.5374992,4.3505938,3.4420271,2.5652654,2.6147476,3.265506,3.1913222,2.9046563,2.492311,4.1027527,2.1215174,2.4236179,2.569784,3.3278164,2.4775454,2.0709251,2.8239223,3.1319612,5.9228954,8.7210653,2.3719027,3.414931,2.7082088,3.5316296,5.0636117,2.7071444,7.8753097,11.152174,2.8947946,2.348572,2.3861716,2.6119377,2.4299991,2.4462198,2.6192799,2.1910604,5.3918872,6.4729505,5.1907227,5.5210103,4.3775837,2.1018204,6.1466521,2.127312,5.6847255,3.4833412,2.5762337,6.8067436
GSM1692213,0,validation,2.493231,3.7349872,4.7789531,3.4354616,3.6639729,3.9952344,3.3426583,2.9091427,2.6136664,4.1383648,2.5049203,2.4941538,3.8513299,4.6535256,2.6185613,2.9181798,4.3271075,3.9440835,6.460569,8.1105236,2.6352908,4.0773063,3.6963911,4.9236934,6.1770412,3.2662043,8.2102714,11.51613,3.9103781,3.4482182,3.7233999,3.2761764,3.0232959,4.132359,2.1521056,1.9936113,5.1382982,6.406677,4.921202,5.0175558,3.3835216,2.3556788,4.0327083,3.3379185,5.5914822,4.4687071,2.1301284,5.0063214
GSM1692214,1,discovery,2.2566824,3.2794586,3.9498749,2.8241065,2.9370302,3.5667869,3.0962856,3.3563885,2.3035038,4.4291173,2.0520221,2.56926,2.9727228,3.9047537,2.2333129,2.5034986,4.0627001,2.9452158,6.6051941,8.2619091,2.3145203,4.241306,2.8164973,4.0310871,5.5533754,2.6317947,8.4540228,11.471578,3.6116328,2.6699525,3.1192527,2.8027377,2.6543046,3.2702236,2.5341779,2.515162,4.9887383,6.5788128,4.9327692,4.8575762,4.7444592,2.2800259,3.810384,2.6922352,5.5972233,4.2882514,2.4406915,7.3156526
GSM1692216,0,validation,3.1783931,3.7252291,3.7450431,2.5922378,3.0393991,3.2036434,2.9374189,3.8694517,2.7414833,4.0137035,2.5055787,2.5180828,2.6188297,4.0656291,2.1355739,2.2782373,3.148485,3.3754696,6.3197007,8.0490196,2.097235,3.8399685,2.6427409,4.1638646,5.5923413,2.7706357,8.3220878,11.374853,2.8191943,2.2232191,2.7893077,2.2512693,2.7995587,3.2093513,2.3558742,2.1473485,5.5350289,6.2160726,4.7306651,4.911653,3.5862097,2.581936,3.1020887,3.4145318,6.0968112,4.5459175,2.9281877,7.56065
GSM1692217,0,discovery,2.4635289,4.4567255,3.3618478,2.018763,2.9415288,3.6806938,3.0718706,3.2382058,3.1559738,4.3783521,3.0480298,2.5949546,2.2050906,3.5743645,2.001575,2.3803344,2.9704616,2.3975378,5.590408,8.6155107,2.4128502,3.1768636,2.4240352,3.8346939,4.9362172,2.7896708,7.8846985,11.505481,2.1897679,2.4815838,2.624186,2.7840386,2.1500474,2.5775985,2.5789109,2.7761427,5.8562351,6.032194,5.0331811,5.4901208,4.1385184,2.0060953,5.8422757,3.0616419,5.8789731,3.9286197,2.5786493,8.3663341
GSM1692221,0,validation,3.3583801,3.7008193,3.9193024,2.6690507,2.9521047,3.361526,2.9933138,3.6870962,2.2161196,4.5454548,2.074929,2.6788298,2.4603075,4.2641957,2.1721087,2.550183,2.8855989,3.4384283,6.4187287,7.7305926,2.1712454,4.2445309,2.7988715,3.9846927,5.2924587,2.6924174,8.9276795,11.482585,2.7005416,2.7489876,2.5169993,2.6655059,2.557204,3.0840383,2.3540528,3.4080843,5.3418148,6.3698466,4.9612991,4.7034236,5.8754038,3.114096,3.6328977,2.6582429,6.5199539,3.7953656,2.8872174,8.0740229
GSM1692222,0,validation,2.4379728,3.4612417,4.5045073,3.0799203,4.0015718,3.6493256,3.0587814,3.0315677,2.7333946,4.5019973,2.2015788,2.7906119,3.3461927,4.6457498,2.4596173,3.0216706,3.3070188,3.6607759,6.4145523,7.7593102,2.478927,4.4377872,3.0805944,4.7895227,6.3738523,3.5543281,8.5324309,11.612631,3.5563335,2.6951621,2.8434801,3.8438666,3.81981,3.5907901,2.4324451,2.9209503,5.4600628,6.9004705,5.2224935,4.729291,3.6143802,3.1901692,2.8975939,3.4969976,5.7909615,4.9704306,2.8514846,5.6695676
GSM1692223,1,discovery,2.57993,3.299465,3.3101813,2.5593044,2.7667767,4.539285,3.0242915,2.9409321,2.2550902,4.7189323,2.3603518,2.7551723,2.3815787,3.8612918,1.9917798,2.2831244,2.9880763,3.1305998,6.0183957,8.4063354,2.0531188,4.1157555,2.9750025,4.4037248,5.1984587,2.6126167,7.8724558,11.612395,2.8627464,2.3488132,3.0195293,2.2085964,2.762707,3.354576,2.559932,2.324287,5.7425954,5.9883617,4.5980582,4.2647023,3.6871683,2.0890607,4.0931767,2.8957286,5.355054,3.5739994,2.1500024,6.4966362
GSM1692224,1,discovery,2.6176397,3.7086207,3.6888041,2.7089976,3.2763033,3.4372856,3.2235226,3.9105936,3.1150304,4.5672885,2.0897927,2.6064641,2.4011132,3.4825881,2.0927703,2.2026573,3.1026044,3.0400162,6.1120114,8.0627613,2.2524075,3.471395,2.3599834,3.8303821,5.3161343,2.8660492,8.3370551,11.590302,2.7003447,2.312074,2.6357087,2.4955436,2.4443105,3.2980668,2.8460065,2.2484778,5.340907,6.2188715,4.7172372,3.8933346,3.4574015,2.1229304,4.541964,3.2420579,6.4272764,4.5270304,2.6416532,9.2926593
GSM1692225,0,validation,2.586991,4.9236696,4.3148498,3.1789178,3.1022017,4.0483242,3.1264782,4.2500023,2.6781119,5.0599052,2.8003126,2.3349034,2.7240014,4.507439,2.2420749,2.5756933,3.3513052,3.1850382,6.3761884,7.6059728,2.3363675,4.7111288,3.1910805,4.2427973,5.8825191,3.0196051,8.6105297,11.453768,3.0258195,2.9124138,3.1900554,2.6076128,2.5684054,3.5932878,2.6132261,2.307148,4.5503086,6.7403938,5.4201841,4.5137558,4.9823995,2.585849,3.582,3.0520427,6.0934053,4.7939813,2.3879483,6.9070514
GSM1692226,0,discovery,2.4963654,3.4985429,4.0062185,2.8013227,3.5116337,3.7260016,3.0056137,2.5841072,2.3225099,3.8102207,2.5999924,2.5406181,2.6725847,3.7556127,2.0168776,2.51487,3.4098461,3.4050587,6.3612673,8.4632876,1.7730632,4.1787571,2.8835829,4.0274774,5.5115846,2.7465014,8.2992179,11.444376,2.0910343,2.5157255,2.334867,2.3869005,2.4903345,2.9808072,2.2487073,2.9741399,5.5630806,6.2533005,5.2057467,5.1892423,3.2615918,2.618877,4.0105271,3.2360564,5.4288887,3.9134233,2.3087392,7.5111924
GSM1692227,0,validation,2.4413552,3.5870105,3.3798649,2.5332853,2.5667143,3.1058107,3.2064896,4.0408912,2.9540359,4.4643876,2.2956887,2.881065,2.4131693,3.239356,2.4165231,2.1248724,3.0755258,2.3477047,5.5917382,7.7732262,2.1779195,3.6443043,2.301008,3.6241168,5.2017895,2.7343942,8.5301289,11.396456,2.7629382,2.29187,2.8614416,2.455612,2.1492707,2.6718374,2.9065141,2.3141903,5.8898855,6.4015823,4.9154451,4.778712,4.7780826,1.9455359,4.9173776,3.2389544,5.7895635,4.0820391,3.1467151,7.242902
GSM1692228,0,validation,3.1617531,3.3636089,4.697549,3.2811547,2.9702418,3.3005879,3.3437576,2.927183,2.6648509,4.2956177,2.173608,3.0440385,2.9556473,4.0866213,2.3785408,2.3371505,3.6880242,3.358226,6.0090296,7.7229529,2.409656,4.3834397,2.9873361,4.2029043,5.8702108,3.173973,8.9264762,11.27041,3.3355576,2.7274055,3.5998266,2.9196918,3.5198104,3.3532088,2.5837001,2.9898174,4.6751441,6.5986776,5.0745228,4.1955826,3.881806,2.0272878,2.588773,2.5781925,6.3635584,4.6414291,2.7385167,8.275315
GSM1692230,0,discovery,2.6690284,3.8285851,4.8533305,3.6374932,3.4529675,3.479679,3.4000933,3.3724493,2.7272372,4.3911526,2.1695419,2.5350485,3.474168,4.7969288,2.6070202,2.9457282,4.0066285,3.5828891,6.6949445,7.9653383,2.7028217,4.5022816,3.5446952,4.4302581,6.4180397,2.8026606,8.2753903,11.246407,3.8821095,2.6784339,3.8717031,3.3332506,3.4163664,3.934811,2.7461984,2.1022375,4.7340901,6.7811621,5.466271,5.0169036,3.7743816,2.2686784,2.5786528,3.2794671,6.0962439,5.1509956,2.1908139,6.8565316
GSM1692232,0,discovery,2.6643927,3.7268283,3.9428309,3.1224081,3.2870691,3.7106843,4.0009189,2.6909708,2.6834541,4.3439411,2.1609493,2.5713372,2.5906954,4.0163416,2.4359573,2.7923242,3.4675434,3.1664216,6.5849264,8.202136,2.1183026,4.3970063,2.9290917,4.01379,5.683025,3.2516756,7.8731133,11.441851,3.0322505,2.4373619,3.3357815,2.7621021,2.8025705,3.0333794,2.03814,2.4401903,4.6253289,6.5490196,5.4332145,5.377382,4.608091,2.3231313,3.071058,3.2653427,5.5904119,4.0521649,2.5474187,6.7471501
GSM1692238,0,validation,2.6989983,3.6817924,4.3494005,3.4970147,2.9415511,3.838384,3.8376837,3.2838798,2.5233663,4.2709291,2.1094707,2.6478289,3.5523817,4.4746091,2.5846941,2.5847147,3.8393187,4.0472826,7.3498825,8.2514069,2.3354587,4.1532128,3.5136899,4.8115213,6.2454705,3.3034658,8.8747823,10.907926,3.710239,2.7718722,4.0986662,3.4923322,3.1590353,4.2176808,2.2853391,2.0564056,5.2747848,6.9073065,5.0691249,4.8491312,3.8761178,2.2060448,4.6104497,3.4944585,5.5753079,4.9743726,2.6748117,7.0128018
GSM1692240,0,validation,2.2616998,4.1686534,3.7803072,2.8965936,2.8219925,3.4511863,3.2093547,3.8632675,2.5173183,4.6883109,2.3913012,3.0487345,2.661026,3.6911497,2.1831341,2.2670077,3.0103997,2.600245,6.4672214,8.2054252,2.0611559,3.7218979,2.6707924,3.9024458,5.6971367,2.8949047,8.8138678,10.885035,2.8415994,2.3277894,2.6652705,2.8153679,2.4654926,3.2534388,2.8139466,2.3276723,5.8261068,6.5551433,5.310515,5.1934613,4.432227,2.1259405,4.5830944,2.9125546,6.3696514,4.2326653,3.0229216,7.786949
GSM1692241,1,validation,2.7935043,3.8117273,3.9522829,3.0224852,2.9907792,3.3111318,3.2930472,2.7806938,2.4294765,5.1786185,2.4902587,2.6774872,2.4298261,3.7375074,2.4360523,2.0332722,3.1046523,3.3416386,6.2891406,8.2934156,2.3478985,4.1765775,2.5640134,4.0822125,6.1770847,3.5313963,7.7629401,11.627228,2.4077251,2.7765269,3.3310645,2.8834284,2.4762777,2.6418756,2.5103861,2.6811027,5.1835875,6.2207116,4.4847557,4.5090283,3.4978213,2.6977874,2.9099968,3.3316953,6.0521844,3.9830785,2.1499679,7.8029489
GSM1692242,0,validation,2.8099913,3.4584965,5.231135,3.4232213,3.8627335,3.6204447,3.9292763,2.7265722,2.5809191,4.1007444,1.922334,2.6839237,3.9321672,4.7010164,2.5719977,3.119113,3.8080167,3.7512277,6.9816471,7.8534999,2.5308785,5.4758158,3.8632073,4.7511461,6.8758269,2.9675859,9.1644025,11.2799,3.4398222,3.7195992,4.6767296,3.6709249,3.3598329,4.4397676,2.4910328,2.1427324,4.9364968,7.2536282,5.2782699,5.1550933,3.4668943,2.9290726,2.7197962,3.7121945,6.2924947,5.4660928,2.3203181,5.6930274
GSM1692243,0,validation,2.6228534,4.2387683,4.3453756,2.749733,3.0931375,4.5480874,3.4588982,2.5609371,2.8600221,3.4438938,2.1446126,2.7664409,3.2956765,4.0084176,2.7198074,2.9850023,3.5868989,3.328509,6.6846946,7.6143501,2.4633104,4.8458718,3.2775252,4.7411219,5.9995675,3.263995,7.9995422,11.479507,3.537073,2.8523351,3.331864,3.3976129,3.0511945,4.356128,2.1577287,2.4522079,5.8995958,6.9924266,5.0624257,5.3147176,3.9429685,2.1436617,3.0529206,2.8956181,5.573749,4.2613925,2.6428151,5.8443282
GSM1692244,1,discovery,2.7976963,3.6438505,5.025545,2.8540571,2.8701416,3.1863652,3.4740867,2.9027742,2.4990082,4.295923,2.1722536,2.9524782,3.5158356,4.664153,2.2936903,2.84803,3.9886846,3.5158846,6.806785,7.6777842,3.5338907,4.9291114,2.6055379,4.718291,6.6017822,2.7072181,8.7909637,11.33472,3.5413328,2.9473401,3.693743,3.5432271,3.6104392,4.499003,1.9588346,1.9334374,4.5783114,6.8190074,4.9084434,3.9389837,3.7163401,2.8766814,3.1565321,3.2229745,5.5372923,5.1030014,2.3657008,6.7148976
GSM1692245,0,discovery,3.0034932,3.1751205,4.0031171,2.8581412,3.2336761,3.1333429,3.2016221,4.2948104,2.4208525,4.4965703,2.613101,2.4882499,2.5928235,4.3091753,2.4962481,2.3981938,3.2553365,3.2177315,6.1555275,7.9212804,2.2792089,4.3057376,2.9872858,3.9742604,5.6456997,2.6415156,8.5601959,11.508982,3.1541391,2.5235488,3.1285843,2.9051127,3.0688104,3.4872508,2.3340041,2.1685377,5.2147417,6.653668,5.1455115,4.7854378,3.9192225,2.7152839,3.5389023,3.3949964,5.7722276,4.17985,2.2244491,5.8086242
GSM1692247,0,discovery,3.1094489,4.0857913,4.7119289,3.2044425,3.2372914,3.3837394,3.801509,4.2654257,2.6947333,4.7169555,2.5300464,2.8032698,3.8201351,4.3760718,2.6392065,2.4049241,3.88247,3.4039035,6.5309475,7.6006789,2.4386224,4.378686,3.1105289,4.9279657,6.0586262,3.8505575,9.0871877,11.074997,3.6371054,2.6831406,3.5960557,3.2732803,3.2723427,4.1424012,2.2171554,2.5804345,3.6659482,6.7970747,5.3232897,4.8117345,4.4828641,3.0060963,3.4528506,3.4861851,6.1369111,4.9279535,2.6726384,5.9134476
GSM1692251,1,validation,3.3415789,3.9831233,4.6656746,2.7880336,2.8537446,3.14061,3.6959584,4.0776834,2.4900989,4.2230578,2.2817081,2.7443148,3.2035923,4.4894333,2.4693119,2.5743978,3.7001201,3.208496,6.2221068,7.3033511,2.5181353,4.4744142,3.7835048,4.11814,5.9047534,2.8120836,9.1420193,10.744528,3.1338363,3.1273564,2.9342075,2.7877178,2.9122999,3.4625567,2.4079602,1.9737907,5.3181387,6.6711964,4.4536332,4.8382588,4.1143208,2.3746346,2.9363953,3.7926077,6.1332677,5.0239085,2.2810887,7.8515707
GSM1692255,0,discovery,2.187542,3.3960588,3.9352411,2.5012563,2.8438669,3.5218574,3.3029206,4.4451484,2.5882165,4.164196,2.3135879,2.9973315,2.5744439,3.8597977,2.3138511,2.3799909,3.3433632,3.2029941,5.8932489,8.2555756,2.3792732,3.8220915,2.8671913,3.7910515,5.5009469,2.8563944,8.4085769,11.219838,3.0352543,2.4584626,2.4742932,3.1550383,2.5582324,3.1635564,2.3847787,2.009028,5.1646893,6.0240352,4.8521163,4.153853,3.8573938,2.1601707,4.5479733,3.5260229,6.0365246,4.6530901,2.5311961,7.6117289
GSM1692257,0,validation,2.2644823,3.4961185,3.7451353,2.7747935,3.5733449,3.5540648,3.3107217,3.3696552,2.2464174,4.0613638,2.2483749,3.0350943,2.8243234,3.8636257,2.3833602,2.4606408,3.1157837,3.2235053,6.5673403,8.3436903,2.0253747,3.8664661,3.1650331,4.1073856,5.398769,3.0348594,8.13951,11.585244,2.9010809,2.3806477,3.0890908,2.97752,2.9658349,3.3809193,2.1485984,2.5183683,6.2851926,6.6108104,5.2815315,5.5902873,3.6960388,2.6505047,4.4860549,2.5476488,5.2027932,3.7076648,2.2046123,5.3299189
GSM1692258,0,validation,2.6412202,3.3157491,3.9656628,2.5806995,2.7800618,2.3344552,3.0475268,4.1574995,2.4461573,4.6127639,2.1139188,2.5609671,2.8670072,4.0047542,2.7844713,2.3194453,3.5970392,3.3163805,5.61307,7.873714,2.2343001,3.6795258,2.6911284,4.1510943,4.9146756,2.6224574,8.5604697,10.82586,2.9620555,2.4703237,2.6761068,2.5055021,3.0072104,3.2482445,3.156549,1.8966003,5.3360844,6.2247781,4.7452487,4.0187997,4.0648915,2.3062941,4.2376973,3.4102173,6.5257723,4.1818458,2.9618045,9.2586752
GSM1692259,0,discovery,2.693003,2.9426034,3.9821994,2.6426345,3.0163538,3.4786279,3.1369686,3.7493026,2.4828352,4.2139859,1.9386317,2.4792661,2.3080166,3.5050332,2.133324,2.1296635,2.4203419,3.0307707,5.828089,8.1198627,2.3022796,3.6661352,2.5716253,3.583419,5.2591815,2.7974435,8.1559389,11.459416,2.7537296,2.3149182,2.4355455,2.7000032,2.2892111,3.0640496,2.8997603,2.2886766,5.4602337,6.1667895,4.6946048,4.4941277,4.1720324,2.339049,4.8642264,3.4456054,6.0227521,4.3486221,2.2827102,7.0583807
GSM1692260,0,validation,2.8999213,3.7980529,3.3153185,2.5942528,2.9242249,3.9686017,3.288047,3.0473346,2.6837514,4.2817702,2.8138321,3.1398452,2.3886196,3.3506037,2.2849891,2.116835,2.9276925,2.8471519,6.4677651,8.1389307,2.099801,3.845263,2.8378225,3.632075,5.328051,3.0874955,7.8958851,11.546313,3.0619502,2.1992885,2.5699226,2.6359558,2.5268625,3.0049933,2.2753472,2.6312606,4.6399691,6.7957478,5.4566566,5.7698348,3.6819779,1.9000341,4.0158759,3.4426562,5.8122785,4.1606287,2.3860801,5.5962115
GSM1692261,0,validation,2.6133117,4.0178226,3.9831739,2.6514308,2.6853455,3.5141191,3.2828834,2.6519655,2.9004313,4.2282244,2.2694538,2.4683233,2.5786047,3.293792,2.3746562,2.4916491,3.0056739,3.1105629,6.4117235,8.4589157,1.9721943,3.9471094,2.4811003,4.0520069,5.4446623,2.793726,7.8102291,11.29182,2.6233329,2.6037653,3.2368077,2.7348112,2.7568525,3.2371742,2.4705192,2.1865536,5.3812055,6.4267031,4.802879,4.469409,4.4939287,2.0264205,5.4387133,2.9555634,5.781371,4.2189478,2.5901519,8.1567004
GSM1692264,1,discovery,2.4531932,3.6008902,3.5315823,2.8256002,2.6038418,3.4932924,3.2202527,3.1810624,3.1830103,4.622386,2.1279746,3.0337201,2.4969027,3.7480168,2.2266944,2.2291626,2.7165673,3.1906329,5.9109342,8.2491426,2.2999295,3.8153534,2.4581597,3.8265861,4.8754886,2.6643029,8.77168,11.670271,2.7794163,2.5255427,2.566191,2.6290385,2.6431506,3.045874,2.5404434,2.2291725,4.9666539,6.4957317,5.2599392,4.9062209,3.6284443,2.3142922,5.0416731,2.8769506,6.4419206,4.7188432,2.4174208,8.9375799
GSM1692266,0,validation,3.0897933,2.9655145,4.0253813,2.761367,3.0175355,4.3959856,3.9665778,3.5616441,2.3095757,4.28825,2.2171849,3.0869845,2.9990569,4.4380514,2.3406866,2.696616,3.1655855,3.1941809,6.1162397,7.1843913,2.1355405,4.7123761,2.9968207,4.0903053,5.7002331,2.9557841,8.5172892,11.811733,3.0445053,2.7776001,3.2528979,3.0423989,3.2952397,3.2043092,2.6854878,2.4009421,5.0194399,6.8623941,5.6107173,4.6103297,3.7172944,2.0747562,3.1690217,2.4760711,5.8832015,4.4543489,2.2167529,5.8582733
GSM1692268,1,validation,2.4293955,4.3165537,3.8387334,2.6872126,3.3972992,4.8408243,3.4524547,3.4243152,2.2752641,4.869365,2.7893584,2.5164077,2.6761135,4.1560122,2.2159457,2.5226831,3.5418639,3.0847996,6.7115524,8.5357538,2.1280968,3.9753554,2.5746308,4.0610934,5.3102459,3.0277328,9.0177421,11.076728,2.6751406,2.9141777,3.0829141,2.570198,2.6711481,3.894067,2.5812435,2.2935466,6.2709955,6.8301204,5.368609,5.9110697,5.8708448,2.2616844,4.6089712,3.805188,6.6434041,4.0446924,2.0022748,6.9292756
GSM1692269,0,validation,2.6488662,3.7000141,3.327569,2.5799645,3.0059482,3.97345,2.7511227,2.4668202,2.9031348,4.3930806,2.1464809,3.0067714,2.0794707,3.2770508,2.4144278,2.2007374,3.1236237,2.8852678,6.1486461,8.3169741,2.3994689,4.2221604,2.5455249,3.786838,5.1539382,2.5007839,7.7035824,11.734863,2.4778002,2.7790132,2.4456166,2.2198201,2.6235104,2.660826,2.5322195,2.606252,5.8642679,6.164872,5.0033046,4.3163243,3.6574277,2.6369512,4.1627553,3.190934,5.9805585,3.9014605,2.5823378,7.1310263
GSM1692271,1,validation,2.7367527,3.7783212,5.5182712,3.1218553,2.9791201,2.9450885,3.7462183,3.5537874,2.0962103,4.138681,2.008572,2.6722628,3.8573118,5.5232357,2.7303345,2.4470364,4.9354417,3.6662498,6.8851919,7.1750296,3.1282576,4.9873735,4.0398641,5.1447793,6.2968968,2.857315,8.9848158,11.083178,4.0196127,2.8038354,3.3310396,3.8683743,3.9118702,4.7093167,2.1456945,2.2452228,4.5721373,7.1323539,5.0729792,3.946887,3.7594148,3.0445872,2.4400402,3.9443998,6.4371281,4.9302684,2.6921943,6.6358563
GSM1692272,0,validation,2.2497383,3.0050967,4.0908525,2.6853222,2.622285,2.8053039,3.2646065,3.9211574,2.349309,4.6827086,2.4496667,2.4129585,2.5488463,3.6731835,2.3967066,1.9876277,3.2979707,2.9383435,5.8401151,8.2189391,2.3965095,4.157766,2.4800495,3.8375376,5.1355349,2.6693144,7.9018091,11.185838,2.7915811,2.271045,2.4991727,2.6484751,2.4636634,3.0699103,2.3115331,2.4915404,3.9320357,5.9654794,4.5882682,3.815308,3.4448819,2.3002418,4.0292199,3.3205279,6.3838206,4.3560053,2.7387488,8.8894569
GSM1692274,0,validation,2.6435406,3.5839607,4.4517455,2.7963645,2.9923847,3.0277544,3.5496981,2.3189161,2.4014902,4.2262695,2.1941494,2.84595,3.0152866,4.6626071,2.6691817,2.5125512,3.5965796,3.892742,6.2108397,7.9243092,2.201805,4.5033898,3.0477731,4.1747166,5.8303137,2.8141779,8.2995977,11.302589,3.5055945,2.7142977,3.1758574,2.9987516,3.5530585,3.775445,2.356101,2.1159464,5.3034629,6.6143387,5.0027548,4.6240005,3.9694291,2.6189005,3.2194606,3.3458344,5.9304916,4.7579592,2.4351443,7.9117188
GSM1692277,0,validation,2.5474336,3.4007033,4.4819333,2.6968028,3.1041629,3.005171,3.380904,3.9698463,2.8053288,4.7159417,2.3477394,2.7987546,2.9018983,4.2603282,2.4724471,2.6374996,3.4058129,3.1553736,6.1488633,7.8069674,2.2941249,4.2942958,3.0969183,4.3182271,5.5979201,2.7096276,8.6659195,11.362499,3.4855542,2.7885905,3.2191147,3.4738888,2.8500584,3.8459702,2.9624344,1.9783991,4.8818346,6.5995201,4.8523102,4.2455722,4.0877119,2.4664444,3.4256889,3.5056935,6.2162362,4.6195773,2.5006279,8.7444486
GSM1692278,0,validation,2.6392676,3.9033314,4.5117746,3.2000905,3.3767079,3.8746001,3.7077056,2.6157568,2.8245504,4.1977647,3.0503836,2.724047,2.9542442,4.4847273,2.5929037,2.695634,3.3918459,3.6277891,7.0723399,8.436778,2.5693643,4.2754907,3.0711594,4.3068338,5.6391316,2.8625628,8.8906949,10.845608,3.5927454,2.729965,3.2882459,3.2172934,3.0821803,3.6079573,2.5122031,2.1883374,5.7365719,6.8822494,5.4822157,5.4134662,4.3933564,2.4726602,4.5129695,3.4132292,6.3433278,4.4804327,2.8278251,8.1412778
GSM1692279,1,validation,2.9410708,3.4636163,4.5630014,2.8096598,2.8078519,3.4050033,3.5829233,2.5189215,2.6270043,3.9265863,2.2626271,2.7055655,3.2280697,4.9622763,2.6992973,2.8795905,3.6106508,3.6218305,6.833284,7.1585148,2.6911412,4.7668826,3.1814462,4.4462339,6.2506918,2.8912976,8.6137376,11.269671,3.6556681,2.7067254,3.9884633,3.6353342,3.5042518,4.2189422,2.2400867,2.7690888,4.0890583,7.2705251,5.1769324,4.3242176,3.3626194,2.4699226,2.9268065,3.160081,6.1328436,4.7175966,2.1593779,7.8972637
GSM1692284,0,discovery,2.320977,3.7582538,3.7951,2.6323617,2.9143948,3.5696287,3.7844681,2.8661941,2.5900314,3.8479208,2.1422922,2.5713535,2.3674973,3.9406662,2.4173946,2.1689873,2.9725934,2.65862,6.1261685,8.2044565,2.3501366,3.6794067,2.8468157,4.2687273,5.460205,3.1211762,7.935144,11.224587,3.4408551,2.4233174,2.5129994,2.4248612,2.4942309,3.0201192,2.5833375,2.497475,5.8855793,6.2930247,5.2878347,5.6992095,4.07133,2.3093218,4.2880138,3.130032,5.3075927,3.9830011,2.5586626,7.3782854
GSM1692286,0,discovery,2.7436909,3.84337,4.6326924,3.1714119,2.8754908,2.8325107,3.7793481,3.9874944,2.3662507,4.6122806,1.982875,2.8996187,2.773686,4.668386,2.2690534,2.7126838,3.6881426,3.3245895,6.5984332,7.7763097,2.6141505,4.1796051,3.1323714,4.3775467,6.210442,3.139326,8.9217252,11.146523,2.9529511,2.5657633,2.8579808,3.2453649,3.218685,3.8263895,2.6669655,2.1360104,5.2456249,6.7444563,5.0507383,4.9477269,4.3352402,2.3253105,3.6350506,3.227207,6.0878736,4.673898,2.4248002,8.2132387
GSM1692289,0,discovery,3.1099006,3.6723738,4.5070911,3.5423102,3.2913016,4.4111081,3.7743383,2.64901,3.3843235,3.884939,2.3205567,2.5191913,3.0712277,4.5344908,2.9040755,2.6725872,3.6335019,3.1672081,7.1604484,7.7140277,2.6672651,4.5645491,3.6689572,4.7552233,6.4214186,3.1183476,8.2852478,11.538997,2.9732036,2.3958564,3.7149172,3.4770457,3.2862069,3.980165,2.2246737,2.3763576,5.9664163,6.9544025,5.06606,4.9384148,3.9133059,2.497469,3.3663499,3.1466583,5.479382,4.7752765,2.4791799,5.5173994
GSM1692291,0,discovery,2.8783106,3.0258135,4.4755804,2.8429916,3.3411615,3.4888424,3.6706551,2.9543972,2.953105,5.1799365,2.5584486,2.6420781,2.9339302,4.5306688,2.4092962,2.8941588,3.7231742,3.7722178,6.6411007,7.7071792,2.4913961,4.9049373,3.4094911,4.8105708,5.7569001,3.571252,9.0158985,11.435734,2.1345946,2.6901661,3.3493197,3.3483167,3.3076982,4.2010527,2.7620991,2.2647998,4.581547,6.8882502,5.092277,4.5953871,3.8937024,2.4357737,2.8879856,3.3371242,6.8959608,5.0601707,2.6124734,7.864805
GSM1692292,1,discovery,2.7676663,4.5330791,4.7802203,3.2570392,3.4317479,3.6417593,4.0212824,2.9796563,2.5555632,4.2656033,1.9832828,2.7764782,3.4746377,4.6145057,2.3741941,2.6906224,3.9758128,3.3755964,6.8665852,8.0522829,2.9933026,4.8284285,3.4286301,4.6287167,6.1901101,3.3161883,8.6711926,11.170521,3.5951366,3.0338729,3.7579049,3.459147,3.4805144,4.2584253,2.346592,2.074626,4.7694682,7.1657682,5.4467062,4.4507176,4.1274149,2.4991137,2.9896394,4.0475421,6.2336284,5.1845333,1.9831796,4.9856245
GSM1692294,0,validation,3.0618101,3.8633097,4.5471519,3.6253667,3.0109356,3.0992925,3.4786512,2.7977241,2.2632812,3.9518056,1.9162595,3.0842334,3.1947493,4.5178038,2.4654801,3.0551568,3.5350432,3.9151292,6.6066744,7.7461358,2.6833865,4.4484238,3.0564309,4.7098639,6.4345242,3.3749798,8.8817403,11.125833,3.4584375,2.501603,3.6841012,3.2542355,3.3591901,3.7143576,2.7289204,2.2056768,5.5216061,6.9204554,5.2380663,5.1192583,3.9580744,2.9113519,3.3956894,3.6946764,6.1523146,4.5387175,2.7695164,7.8831196
GSM1692296,0,discovery,2.6716397,3.7185796,2.5696882,2.4163843,2.5927308,3.1745511,3.2461841,3.6122731,2.2528435,4.2657011,2.4757493,2.8750411,2.3554646,2.9414361,1.9146321,1.8989401,2.5444588,2.3563442,5.2228337,7.9240731,1.9186366,3.2313287,2.3405275,3.4184486,5.0081354,2.5966431,7.7703181,11.557021,2.4808142,2.2305486,2.0736072,1.8096952,1.9341761,2.6494977,2.9521632,2.4136023,5.3519497,5.6723028,4.4090274,5.3285034,3.6687028,2.108431,5.7453464,2.3744835,5.864528,3.7807708,2.6183867,8.8181512
GSM1692298,0,discovery,2.4563621,3.544416,4.3166051,2.8542578,3.2200377,3.4802107,3.7378273,3.1172646,2.5389961,4.9442941,2.252425,2.9932371,2.7196191,4.3243191,2.2403584,2.4704112,3.7830007,3.7022472,6.2386611,7.9623282,2.4005329,4.1324263,3.1201281,4.2411856,5.4539724,2.7294066,8.5980711,11.489803,3.509438,2.5345134,2.9020853,2.888761,3.5606414,3.3525324,2.6665682,2.0840685,4.6090931,6.4058202,4.9716729,5.0376841,3.6020024,2.3185954,4.7959656,2.8506917,6.0505449,4.4593907,2.1841495,7.3383857
GSM1692299,1,validation,2.0073403,3.2933027,4.6623138,3.016548,3.0859497,4.0252855,3.8693884,2.8836936,2.4677166,4.0616896,2.355109,2.0580525,3.3285583,4.6922134,2.6815562,2.8064379,4.0400266,3.5109507,7.3661553,8.119525,2.547744,4.4963227,3.0536822,4.704949,5.9826496,3.3094821,8.064338,11.310307,4.1903223,2.8199383,3.7708602,3.8318661,3.8076858,4.0518571,2.3068033,2.1066218,5.882598,6.7299407,4.6416366,4.5294198,3.806051,2.3238488,4.9594002,2.9976072,4.2607457,4.7359476,2.3127661,4.9974487
GSM1692300,0,discovery,2.9287467,3.9988012,3.9125479,2.7455495,2.9766937,3.3673134,3.2606827,4.6670522,2.5399828,4.7507498,2.3840912,2.6318885,2.6163512,4.104947,3.0239992,2.5215791,3.0843773,3.0590568,6.6395581,7.4621112,2.2318578,3.9657868,2.661066,4.1710205,5.5128984,2.7681301,8.9646306,11.23304,2.9342674,2.4931923,3.153428,2.5873803,2.5188883,3.0982332,3.1236665,2.3915067,4.8278132,6.5743862,4.9371307,4.842334,4.2214282,2.3433368,3.2254041,3.6523489,6.8557705,4.7636164,2.7186379,6.684779
GSM1692301,0,discovery,3.1400615,3.0342285,5.3352008,3.223659,2.9784422,2.5141218,3.1275309,2.9835271,3.0904481,4.147457,2.2006146,2.6811031,3.6667063,5.3492559,3.0263161,2.2880838,4.8350439,3.9347966,6.6816895,7.7185101,2.5080434,5.2161908,3.6885287,4.966843,6.3939974,3.116829,8.3033922,10.95818,4.3820597,3.0499035,3.6211971,4.0299236,3.9816034,3.874219,2.6229016,2.0258478,4.0121929,6.8330145,4.3750065,3.7800135,3.6287445,2.9480918,2.755438,3.3837907,5.3731299,5.6480186,2.3183105,7.3202516
GSM1692302,0,discovery,2.2813411,3.9261297,3.0930786,2.5954573,2.2723523,3.3859295,3.0362862,3.2893748,3.2439866,4.2473028,2.1988989,2.5100034,2.5747358,3.0980789,2.2282058,2.1753235,3.053366,3.0506369,6.2650875,8.4531984,2.0859649,3.7732751,2.7632823,4.0658807,5.2492505,2.6290377,8.0989575,11.490044,2.8789524,2.3716044,2.5527933,2.1611378,2.2615172,2.8654362,1.9346906,2.5143959,6.0882455,6.2419084,5.0874926,4.9229083,4.3422511,2.398618,5.3873843,2.8954693,5.6399699,3.4585597,2.6004324,7.9261669
GSM1692303,0,discovery,2.4388395,3.9552651,3.2358859,2.5493015,3.0808911,3.6760237,3.1821439,3.5735316,2.4102854,4.5772895,2.6865272,2.6286054,1.8698031,2.9465701,2.5484923,2.0255968,2.8589382,2.6573782,5.7729471,8.3153501,2.4159295,3.6813111,2.4812975,3.9995916,4.7996533,2.8197573,7.8538265,11.520124,2.7500073,2.5872736,2.694866,2.4803622,2.8032161,2.6295166,2.0686467,2.1168719,4.1222872,6.4813372,5.4249171,5.5889782,4.5195227,2.4593893,4.2959295,3.8003598,5.7374857,4.1057166,2.5896305,6.5627662
GSM1692304,0,validation,2.6670853,3.4766299,4.0507652,2.9006822,3.2683783,3.5947217,3.3357812,2.8856858,2.8941332,4.3406594,2.2355823,2.9550164,2.9594207,4.0848219,2.7872355,2.6410988,3.2170648,3.1547027,6.4172334,8.3051326,2.3569226,4.2479831,3.0665784,4.192349,5.8125689,2.7885273,8.0059646,11.561615,2.8480122,2.7260332,3.6127379,3.1024026,2.8672849,3.4257932,2.6079571,2.0229632,5.0964325,6.3494929,4.8252997,4.8425318,3.9297074,2.4303721,3.6269827,3.0644759,6.0723724,4.1031868,2.0795059,6.8451708
GSM1692305,0,validation,2.6039944,3.3353248,4.3105646,3.4448803,3.6060144,4.3779775,3.6209296,2.6219689,2.0366873,4.1752962,2.008595,2.5410953,3.1519499,4.2999737,2.3707752,2.5682887,3.676745,3.8538365,6.9902638,8.3635534,2.464281,4.2267491,2.789362,4.0481977,6.0271732,3.598905,8.4519563,11.32307,3.2890122,2.744368,3.531002,3.5297704,3.9455729,3.6471497,2.2759967,2.7370455,5.2057835,6.1339467,4.7790299,5.1715737,3.4948002,2.3478862,4.7235158,3.167419,5.5935367,4.969831,2.3112612,6.4978463
GSM1692308,0,discovery,2.3286082,3.8477021,2.9671115,2.7068419,2.7054207,3.9294272,3.2569151,2.7123573,1.9451523,4.0705224,2.3272417,2.495179,2.4458955,2.9296202,2.3446377,2.0284098,2.6561789,1.887594,5.4650761,8.4011946,2.0355002,3.7667524,2.5891574,3.8839951,4.6033532,2.8107199,7.7137508,11.282327,2.5717899,2.4231341,2.219336,2.4395921,2.4062997,2.6625729,2.3751797,2.3607894,5.2604769,6.1753237,5.2885931,6.1154991,4.1315265,2.0483335,5.9669201,2.4501107,5.7491233,3.4705107,3.1280253,8.4721202
GSM1692309,0,discovery,2.7874533,4.6467932,3.0257136,2.4589007,2.7244716,4.0238669,3.0569972,3.6605627,2.4496138,4.4105619,2.7216261,2.7621744,2.335652,3.3257569,2.1620901,2.3798483,2.5554727,2.695312,5.6524933,7.9409655,1.9713006,3.5697014,2.334494,3.5944293,4.7804244,2.7302554,8.3576501,11.537561,2.70759,2.6040226,2.6494241,2.6350928,2.3282498,2.4590711,2.7228206,1.9825006,4.4969941,6.2994676,5.2710437,5.4783212,3.9019677,2.3103641,5.0598909,2.8992881,6.5135323,3.930232,2.4074182,5.858485
GSM1692311,1,discovery,2.7078243,3.5466328,4.0516398,3.1913901,2.9836074,3.7875716,3.3070561,3.555708,2.436448,4.3760081,2.3057327,3.3096254,2.8579255,3.9804943,2.4596852,2.2806526,3.2582194,3.0788803,6.340955,7.0424921,2.2221603,4.124133,2.9317625,4.0433237,5.6370374,2.7349484,8.4702228,11.526741,3.1006863,2.8512948,3.21239,3.0304619,2.6643357,3.6719909,2.2680626,2.230785,5.195206,6.9735283,5.2155343,4.7355485,4.1792482,2.4709731,3.4644122,3.6611697,5.9747975,4.5048481,2.4087085,6.4940762
GSM1692312,1,validation,2.7743989,3.3518303,5.1917263,3.7165116,3.2015424,3.314202,3.8896068,3.0099683,2.6671715,3.216681,2.3129685,2.6079256,3.5055021,5.2723902,3.583236,2.8416884,4.3003242,4.1147475,6.9908935,7.3168423,2.7391719,5.2565717,3.6115253,5.3719446,6.47267,4.1398615,8.9173939,10.605814,4.1244063,3.603493,4.3771842,4.263796,3.7066678,4.3728282,2.694461,2.1748278,5.2054846,7.2602623,5.1000671,4.5143551,3.7311533,3.0875982,2.8863451,3.0407329,5.5513362,5.0181535,2.294697,5.3909302
GSM1692315,0,discovery,3.3344739,4.0726591,4.858313,3.1422492,2.9741959,3.4056659,3.4858504,4.7207031,2.5830326,4.4218855,1.8943806,2.91094,3.4361474,4.8129809,2.7071065,2.4979949,4.0190025,2.9701822,6.4920575,7.1459313,2.5076908,4.1434812,3.3547209,4.6509496,5.9611796,3.1174461,8.9227875,11.380664,3.3473826,3.0320265,3.2956183,3.2439942,3.3399312,3.6896937,2.3946556,2.2566243,4.2360186,6.8244904,5.1573453,4.4407926,3.7177348,2.5353351,2.6201408,3.7558163,6.5788132,4.8913724,2.3313564,7.2611557
GSM1692316,1,discovery,2.6369512,4.7722714,3.950894,2.9176503,3.14285,3.9115918,3.3240212,3.1941277,2.3170409,4.565691,2.2025166,2.8949988,2.6011583,4.2033665,2.5106237,2.4016451,3.3091315,3.2059226,6.1935225,8.3815688,2.3525226,4.2886854,2.8605559,4.215104,5.4619297,2.9946603,8.1120613,11.642687,2.636661,2.6784092,2.9744808,2.5679845,2.8428972,3.3068351,2.2818017,2.6022748,4.3627474,6.4820411,4.5613714,5.0652663,3.9934726,2.3895042,5.0570974,2.9981317,6.0659462,4.186945,2.2408303,8.2685725
GSM1692317,0,validation,2.6073914,3.6393694,5.0574529,3.3266343,3.3224961,3.4673915,3.7499193,3.7697921,2.8331265,4.8313063,2.0436013,2.9271793,3.2594472,4.9165526,2.6932054,3.220624,3.8060904,3.4650596,7.1147104,7.6855648,2.9751161,4.9830559,3.3797913,4.6013089,6.0116783,3.2974605,8.7596409,11.57181,3.4567569,2.8188874,3.7575706,3.9258662,3.6049762,4.0098995,2.309699,2.3409786,5.5403595,6.9146628,4.981374,4.9196511,4.1118513,2.5740291,2.520963,3.3465994,6.0929999,5.0687845,2.0625377,6.7709255
GSM1692318,1,discovery,2.3951932,3.3610445,4.0802304,2.9068552,2.9838181,3.4612499,3.4677459,3.1909914,2.8409398,4.3079546,2.4549163,2.5542531,2.9034206,4.2003648,2.4787812,2.6344569,3.192455,3.3625278,6.4052487,8.5333591,2.5037254,4.2428121,3.0275239,4.2937594,5.6805351,3.011414,8.1602195,11.278216,3.0990971,2.4433041,3.5989721,3.073529,3.0249328,3.8084871,2.864709,2.6992323,5.9127452,6.2719236,4.3976709,5.5041262,3.9981467,2.2757912,4.3046211,2.8237082,5.7063994,4.3136438,2.3270919,7.7684776
GSM1692319,0,validation,2.7369476,4.4484512,3.8510447,2.7306279,2.6301294,3.645751,3.0818466,3.1820552,2.5348263,4.3260586,3.8779198,2.6931606,2.5510699,3.9533186,2.0544618,2.2131568,3.1064192,3.0656976,6.2472097,8.1714811,2.3735495,4.1441792,2.9904122,4.0973511,5.4384883,2.8051256,8.2430815,11.221654,2.8612333,2.6037495,3.1899861,2.851005,2.7927297,3.7449488,2.2961501,2.4629537,6.0789013,6.6055609,5.1281516,6.1192208,4.1918725,2.3245373,4.9301598,3.3697846,5.4478282,4.3133971,2.5160334,5.2525582
GSM1692322,0,discovery,3.2303231,4.0649701,5.3554993,2.6255731,3.548647,3.0473296,4.0349225,2.9852593,2.7468183,4.2892643,2.1940745,3.3230986,4.0024406,5.1218892,3.0034756,2.1913049,4.5302505,3.4233163,7.580683,8.6612882,2.3829496,5.3113211,3.6816858,5.1056136,6.6185679,3.6548632,8.7734917,10.94338,3.9026334,2.8643059,4.2951831,3.6432301,4.1032302,4.0660039,2.7697861,2.3469391,5.3105678,6.7120542,4.74873,5.5575197,4.3595915,2.581178,4.7157333,3.5137312,5.6971923,5.4138164,2.1374354,7.0035661
GSM1692326,1,discovery,2.4179428,3.3187324,4.1495316,2.7271211,2.8050635,3.2938278,3.3939605,3.2008974,2.6958737,4.4033637,2.3113391,2.8163016,2.6519623,4.0987366,2.618845,2.3786958,2.9444997,2.8417725,5.9697296,8.3066703,2.3050488,3.887295,2.868871,4.0404101,5.5011211,2.6553188,8.330526,11.774711,3.0833884,2.5989076,2.8756051,2.9098624,2.4992507,2.96651,2.1967439,2.5363692,4.7416812,6.4735918,5.1395655,3.7920706,4.9567706,2.128062,3.51749,3.6256076,6.0001823,4.2321388,2.3004574,7.2632692
GSM1692327,0,discovery,2.3756527,3.6984492,3.9729384,2.5328696,3.1680115,3.9646904,3.6768512,2.7190991,2.1229372,4.0203033,2.8866614,2.9387169,2.6216542,3.6625158,2.6348657,2.2920436,3.5855457,2.9884729,6.7632422,8.6701108,2.3431892,3.9757693,2.636622,3.7739569,5.6846263,3.1308914,7.6685821,11.632555,2.7028177,2.6956726,2.9564721,2.7844649,2.5941991,3.1317234,2.5398189,2.7303496,4.9459824,6.3741064,4.8356814,4.6812811,3.4880219,2.1910381,4.8867655,2.3952551,5.1204532,4.1979909,2.6095963,6.2173738
GSM1692329,1,validation,2.5815297,4.5216666,4.0508725,3.0238414,3.5713179,4.0105174,3.6729453,2.5842804,2.9699822,4.4560646,2.1144761,2.9071914,2.6307064,4.074306,2.4196392,2.4477162,3.5278719,3.982397,6.8130866,8.1151385,2.1776494,4.2485416,3.2185887,4.6331343,6.1135138,3.1272106,8.3008475,11.024316,3.53132,2.7579307,3.0605206,3.0493453,2.7863829,3.7715947,2.3175688,2.3509336,6.2588248,6.6612798,5.0485473,4.9912223,4.7766515,2.7167758,4.7870666,3.071423,5.6885307,4.4922315,3.0216894,7.5327092
GSM1692330,0,validation,2.7992666,3.1422389,4.6362042,3.2357832,3.2944133,3.6210419,3.4586519,2.8380672,2.396721,4.0574853,3.2054591,2.6814788,3.3587321,4.9085816,2.7709927,2.3981215,3.9370442,4.0211582,6.5009479,8.0607069,2.3814063,4.8536444,2.7975199,4.4762133,6.3091288,3.5338791,8.4918776,11.301346,3.6580907,2.6297764,2.9017603,3.7212371,3.078593,4.2401847,2.5996732,2.119127,4.721473,6.5470282,5.0208262,4.2717188,3.4657105,2.4983082,3.5582962,2.8441052,5.8730699,4.8616545,2.4488616,7.9280684
GSM1692331,1,validation,2.4634254,3.2358459,3.5203596,2.6535714,3.1533038,3.2131075,3.0627846,3.5750641,2.4336837,4.5069281,2.1136452,2.3416485,2.5212635,3.8228897,2.4379422,2.5567208,2.6415177,2.8555814,5.8122616,8.6329241,1.8476004,3.6648241,2.8232929,4.7527328,5.416379,3.0544839,8.1417404,11.532369,2.756716,2.4628295,2.8633002,2.5250276,2.1438054,2.9311264,2.3214169,1.9282639,4.8169615,6.2648925,4.8260835,5.4200128,4.3571092,2.4997416,3.6743974,3.3940929,5.696766,3.7824321,2.4767861,7.4359887
GSM1692332,0,validation,2.4269394,4.6855082,3.7635566,2.283531,2.8528241,3.6105649,3.138404,2.8449034,3.0833111,4.0794976,2.5646823,2.6630673,2.5014941,3.8811588,2.2563809,2.4024508,2.6125197,3.1118348,6.4898231,8.7622323,2.0571169,3.8013299,3.0803291,4.3448441,5.3875932,2.5895325,8.4287083,11.063153,2.7727651,2.4242216,2.7924309,2.7157648,2.5518995,3.1266825,2.4328698,3.1536566,4.9620739,6.2288453,5.2307367,5.7528929,4.5576927,2.3650064,5.1143361,2.9695052,5.8305561,4.2399257,3.0271135,7.8135571
GSM1692335,0,validation,2.9777062,3.3107684,4.9824103,2.9203948,3.3745042,3.2242743,3.7477939,2.4013778,2.4682283,3.9031185,2.1860403,2.6302695,3.7347786,4.7257932,2.3792599,2.7686342,4.4161984,3.5621377,6.9018884,8.8146552,2.6346636,4.9992521,3.0279319,4.908228,6.008111,2.6344019,8.7227023,10.653702,3.3779409,3.421534,4.066341,3.9518017,3.5402415,4.4579387,2.6878027,1.8360118,3.8660017,6.9142631,5.0890136,4.5820748,3.7405442,2.2857863,3.5552107,3.1005806,6.0053419,5.2133652,2.4418297,6.8169651
GSM1692336,1,validation,2.5229447,3.4024451,4.6793138,3.1415911,2.9768785,3.2073937,3.4053889,3.2287322,2.6420273,4.4553322,2.1267348,2.9869278,3.5801158,4.6361105,2.7648215,2.6066869,3.847965,3.6459121,6.3406248,7.5865706,2.7487061,4.4381953,3.3381143,4.9413933,6.1438258,2.9738348,9.0659566,11.248134,3.2860314,3.0397524,3.3862803,3.257526,3.168554,3.5712158,2.4581946,2.275792,5.1835655,6.5967567,4.7184979,3.492648,3.3867455,2.3435659,3.1915523,3.3167305,6.0031871,4.7299871,2.8728421,7.9061642
GSM1692337,0,validation,2.5502859,5.2814671,4.0327402,2.9739805,2.7212043,3.6104183,3.4522888,2.6831308,2.6229841,3.5151408,2.7232953,2.5591464,2.7050016,3.7258271,2.2564363,2.2517696,3.2893684,3.5029547,6.4474468,8.2727908,2.2622999,3.9833176,2.9745348,3.6628876,5.3401904,2.7595417,8.3970241,10.798606,2.7395714,2.68499,3.1194526,2.4224406,2.6986763,3.1045725,2.4714157,2.4822506,6.1567969,6.5897304,4.9415208,5.8450337,4.4733362,2.1096855,5.6710311,2.3924361,5.443788,4.219913,2.2927631,7.6332537
GSM1692338,0,discovery,2.9180846,4.1400919,2.7094504,2.9319438,2.999161,2.9494737,2.8548091,4.7752525,2.765783,4.6853811,2.6627776,3.2401325,1.7820108,2.7172498,2.2007529,2.1241689,2.0688061,2.5655997,5.3449888,7.6704199,2.0182755,3.2555803,2.0839554,3.3855281,4.1226584,2.8480048,8.8475225,10.873464,2.5399085,2.3757207,2.3769246,1.9688423,2.3255624,3.0266935,2.9731558,2.1421116,4.3761357,6.7021521,6.1783633,5.7020952,3.9471162,1.8355237,4.2047114,3.742412,6.9885365,4.2794899,2.9943843,8.917315
GSM1692340,1,discovery,2.448499,3.4461904,4.2507434,3.0027223,3.0791296,3.8510321,3.1582306,2.7153345,2.8225739,4.2983828,1.8713678,2.6652404,3.1772802,4.1555547,2.5120331,2.6284223,3.2862048,2.8353171,6.48053,7.7619735,2.4123484,4.1417739,2.9292076,4.5781246,5.6021643,2.9386301,8.8737434,11.674466,2.7616294,2.6404839,3.0778642,3.2823471,3.1947453,3.7623811,2.6497727,2.1163582,4.4290115,6.4017749,4.7731774,4.8026591,3.6879371,2.5450743,3.8528192,3.0957102,6.1405864,4.6590936,2.3151466,7.5404906
GSM1692343,1,discovery,2.5871242,2.9985794,3.3759893,2.6144403,2.8473574,4.6642298,3.43811,2.8741656,2.0396334,4.4013431,1.7305757,2.5631075,1.8117727,3.6216875,2.124965,2.4136711,3.3628852,3.0171192,5.6490969,7.9260524,2.5231963,3.7887738,2.5049124,3.5545567,5.6151478,2.8201944,7.7957747,11.807349,2.7006951,2.7526787,2.6628332,2.5716182,2.4078316,2.8323271,2.1343221,2.2191712,5.2576684,6.3994321,5.0791985,4.093692,3.9179591,2.0786658,4.4260298,3.202109,5.174487,3.3856104,2.3525173,6.8823217
GSM1692347,0,discovery,2.5556562,3.6567482,4.1142376,2.9866052,3.1636066,3.1805843,3.4385497,3.2572642,3.2428935,4.2439196,2.3384326,3.0011084,2.6217572,4.1357806,2.5380404,2.3584199,3.0975014,3.6438889,6.7147646,8.3841596,2.3195152,4.54614,3.1502532,4.18448,6.0108304,3.1965405,8.8194813,11.093276,3.3925649,2.849493,3.0235807,2.8823536,2.9333402,3.9304165,2.5697945,2.3360559,5.6473264,6.6565032,4.9235197,4.9519111,3.5988962,2.0807827,4.3254697,3.1578867,6.3291832,4.6827226,2.6312901,7.8200406
GSM1692348,0,discovery,3.3573893,4.1351027,4.6764171,2.7117883,2.8933981,3.0827864,3.3351371,2.6847618,2.8316616,4.2467531,1.9070692,2.7768333,3.3207229,4.4582754,2.6774895,2.4008262,4.6543293,3.2470627,6.5056387,7.4377733,2.5045626,4.7110419,3.3911427,4.7483189,6.5111539,3.2814963,9.2070921,11.161491,3.2673529,2.7339868,3.2259502,3.5037326,3.6606391,3.5788721,2.5237826,1.9693866,5.0100151,6.5507297,4.6978485,4.0499358,4.5249042,2.1392286,3.0551459,3.3775318,6.0563473,4.9405077,2.7092437,7.9544977
GSM1692350,1,discovery,2.5959403,2.9458857,4.4974321,2.4220772,2.7875845,3.9291038,3.7194069,3.3285196,2.9244817,3.87802,2.1333418,2.8241301,2.3269216,4.4670437,2.6022053,2.3109644,3.239244,4.6935736,7.0740749,7.8654671,2.1975859,4.8977014,2.7923506,4.663765,6.1218177,3.1391914,8.8712819,10.85914,2.7921298,2.3974805,3.2955736,2.4267668,2.5092033,3.8684992,2.5331893,2.0449139,5.1068288,5.9584341,4.7705398,3.5919478,3.829832,2.3212844,3.8437298,2.92402,5.9974359,3.8728477,2.4624306,7.9468815
GSM1692352,1,discovery,3.0268849,3.59117,3.6209669,3.213996,3.8160355,3.0240312,3.2521891,4.5088955,2.6516739,4.5390712,2.3711214,2.6153342,2.2254702,3.7231373,2.086054,2.0739415,2.933175,3.116832,5.5963375,7.7174139,1.9482731,4.174405,2.9996024,3.7150585,5.2013036,3.5295007,9.2472814,10.512582,2.9130702,2.4890392,2.3547343,2.0608212,2.3355932,2.9757311,3.8610032,2.2244383,5.1026452,6.8206491,5.074384,4.8953416,4.8429452,2.20229,3.1189703,4.1371476,7.2249299,4.909082,3.365509,8.3879998
GSM1692355,0,discovery,2.5522117,3.9917848,5.0156234,3.1142407,3.2250231,3.4430362,3.6882521,2.8854892,2.3860518,4.9805468,2.0275507,2.9529391,3.5781973,4.9611487,2.6646215,2.9854872,3.8616163,3.6501079,6.624546,7.9353996,2.562067,4.8078846,4.1368181,4.7742952,5.8118127,2.8109223,8.9828459,11.308858,3.3233207,2.7294216,4.1904601,4.0380247,4.0504153,4.639644,2.5407642,2.5124629,4.9364993,6.9796286,5.0188097,4.209129,3.6661362,2.8841893,2.7313326,3.4928456,5.980652,5.4943091,2.4626555,7.6007581
GSM1692356,0,discovery,2.9081163,3.0846106,4.3320935,2.7328836,3.1512276,3.9711997,3.5832446,2.7500476,3.1208552,4.2692068,2.6742764,2.6937915,2.5485522,4.2149849,2.1799763,2.44406,3.1166704,2.9189913,6.4770768,8.5905818,2.3292261,4.3891361,2.8469719,4.2011255,5.5004631,2.8739017,8.1717545,11.732016,2.9120033,2.3290442,3.0910272,3.1821937,2.5114409,2.9607544,2.7428213,3.1070254,5.233889,5.9335173,4.5061971,3.9610267,3.3837383,3.0427602,3.9292175,3.3142516,5.2314639,4.2447861,2.356063,6.4757824
GSM1692357,0,discovery,3.0181102,3.4407237,3.7577357,3.6938798,3.0056779,3.2816267,2.9545777,2.5146903,2.0776996,4.2783493,2.009279,2.549167,2.4659374,3.752945,2.6338431,2.7346428,3.0398188,3.0009641,6.1279198,8.2722268,1.8723473,3.8337585,2.925657,4.0952338,5.4782881,2.7782426,8.5198581,11.480362,2.3259931,2.4115481,2.1918988,2.4882708,2.8032222,2.9975804,2.5452555,2.5519876,5.1455313,6.2611056,5.1474629,5.1106393,3.6997033,2.2762918,4.0874009,2.5135579,5.8043654,4.2805686,2.7642322,8.3427602
GSM1692360,0,discovery,2.8088786,2.9873707,3.9328629,3.0621943,3.1805757,3.209456,3.288698,2.8047977,2.2762413,4.3840114,2.2599911,2.8372639,2.4043716,4.0548134,2.3864978,2.4047962,3.3347849,3.0170937,5.994151,8.1106194,2.2718261,4.1091134,2.7896554,3.9718656,5.617421,2.9857248,7.7490487,11.771728,3.0780874,2.3438591,2.8909476,3.2509452,2.8030035,3.1093042,2.2174687,2.8670063,5.5447527,6.3553033,5.1133006,4.7889348,3.7969612,2.1826404,3.4210368,3.402235,5.2693372,4.0261315,2.4975922,7.6426426
GSM1692361,0,discovery,2.3934184,4.1272176,3.9211438,2.9431176,2.5789863,3.3953735,3.4687471,2.5658533,2.6769508,4.3537078,2.2496324,2.9643925,2.3767727,3.8820148,2.6347779,2.440466,3.0372622,3.0960128,6.3700577,8.6476019,2.041859,4.005765,2.8278646,3.6349508,5.6109952,2.9367018,7.962107,11.327674,2.6110091,2.7224682,2.6720285,2.8422381,2.413087,3.4537661,2.3106343,2.4706589,5.5133733,6.3670274,4.9970987,5.7578541,4.1151594,2.2333853,5.0073666,3.3871802,5.0982392,4.217881,2.7307703,6.7227791
GSM1692362,0,discovery,2.3742004,3.8800267,3.7652246,2.5810179,3.0621442,3.8530281,3.4295389,3.2016077,2.2615957,3.7805211,2.471576,2.7967155,2.2571818,3.5655549,2.1613083,1.9571663,3.0769645,3.1723719,6.1845558,7.9111367,2.1850612,3.9606117,2.5434505,3.6740454,5.0194924,3.1533254,8.0158712,11.360919,2.7256738,2.4884276,2.6435261,2.4724409,2.2532462,3.0244155,2.0321514,2.3380355,5.5255202,6.6828083,5.2902576,5.1403296,4.5265723,1.9755426,4.7463678,3.2889785,5.9768254,4.516251,2.5176311,8.4121318
GSM1692364,0,discovery,2.4294635,3.2414427,3.6419481,2.5223783,2.4470271,3.8651266,3.2694011,3.5386912,2.8776742,3.768443,2.5581462,2.6555406,2.2426984,2.943073,2.0709631,2.4475493,2.9102121,2.9499213,5.7576085,8.245618,2.0412762,3.5025749,2.0968115,4.1539284,4.6994188,2.4426244,7.8967559,11.358594,2.3992195,2.2589048,2.5729358,2.2890997,2.2430796,2.9805758,2.4587828,2.4332354,5.8076457,5.9987195,5.029626,6.2362462,5.060496,2.4921569,4.6833771,3.4442552,6.7258843,4.3134426,3.523282,8.9228665
GSM1692366,0,discovery,2.524647,4.8736122,3.1838093,2.8832745,2.8586536,3.6647709,3.0835984,3.3778212,2.434574,4.1933479,2.5109967,2.8494987,2.6679529,3.6575687,2.1505631,2.3754011,2.8292652,2.6332555,6.1478066,8.0968258,2.0551643,4.0138354,2.5528595,4.0183521,5.6423083,2.6314176,8.5498455,11.140629,2.4354609,2.5032526,2.7446005,2.5565008,2.3266106,3.1563184,2.5017748,2.5364656,4.7761615,7.0348373,6.0436139,5.0725884,5.6089814,3.1334998,3.0974104,3.5998513,6.7207051,4.2820079,2.3859184,7.4184053
GSM1692369,1,discovery,2.6893568,3.4505877,4.9724652,3.0064669,3.2418105,3.2188731,3.4364325,3.4564798,2.351083,4.2874005,2.4102698,2.4718975,3.3955614,4.6814043,2.3671371,2.630899,3.6938414,3.2969854,6.4112413,7.828426,2.6687655,4.4995128,3.2394602,4.2894314,5.8915467,3.2731993,8.6520689,11.497837,3.7173442,2.6383509,3.6432179,3.5402514,3.7077769,3.9823093,2.661275,2.153859,4.7095204,6.8852814,5.138579,4.110025,3.7196867,2.7431585,3.5282943,3.161578,5.9434659,4.928914,2.6069547,7.3306165
GSM1692373,0,discovery,2.2421546,3.8679936,4.2729462,2.9975482,3.2223834,3.0564544,3.3902445,3.449646,2.5802511,5.0019478,2.5381472,2.6976613,3.0020089,4.498962,2.5683555,2.1251551,3.1879411,3.1096346,6.3001562,8.0026451,2.5416545,4.0402492,2.880673,4.2324314,5.6065897,2.7069969,8.0103065,11.34021,3.3289699,2.6123953,3.5957271,2.8920475,2.6469381,3.4435639,2.4800688,1.936979,5.0783241,6.325841,4.7972498,4.1449352,4.308555,2.1532495,4.4568429,3.0438202,5.3214777,4.4443688,2.6943371,7.7213291
GSM1692374,0,discovery,2.4189391,3.9752738,4.2823774,3.0876441,2.9185894,3.8873278,3.5165441,2.7271909,2.3354602,3.9389541,2.2131153,2.3014384,2.656818,4.2284595,2.5241113,2.397411,3.1301031,2.9283819,6.8327831,7.9218353,2.2739536,4.0089211,2.826847,4.1436923,5.7927645,2.9682394,8.2499299,11.564188,3.0145918,3.1122066,3.2004114,3.1355214,2.7493053,3.2332945,2.1833893,2.6370476,5.8420957,6.7013547,5.1265494,5.2937828,4.0551048,2.1639205,4.4771025,3.211337,4.9782187,4.1423293,2.3270199,5.9257552
GSM1692375,0,discovery,2.6642106,3.1519031,4.3570488,3.0502989,3.5565026,3.2656437,3.7257752,2.5865108,2.390922,3.6891692,1.9459588,2.3955143,2.8086055,4.4354864,2.3689897,2.4385667,3.520662,3.2222491,6.5126601,8.4788641,2.2246381,4.1378042,3.0212772,4.2467109,5.883763,2.9238123,7.8003042,11.489833,3.9488994,2.4940403,3.2606724,3.0258921,3.1435798,3.5647228,2.4339293,2.1523754,5.1292736,6.6233132,4.6665294,4.5176309,3.2914862,2.5043184,4.4417589,3.1273037,5.5142946,4.6356498,2.1702083,6.7966773
GSM1692376,1,discovery,2.8095826,3.675673,4.2011822,3.1696812,3.5446605,3.9578852,3.5626592,3.2579801,2.9733389,4.2076872,2.1416526,2.6796599,3.1977034,4.4854581,2.7023869,2.8371639,3.7177834,3.2748344,6.5757073,7.4472284,2.4163515,4.3529879,3.1809697,4.5930624,5.8119579,3.1727102,8.597173,11.617941,2.9589393,2.6078428,3.4285572,3.3483885,3.2309735,3.523195,2.3829863,2.2170679,5.0638533,6.5733839,5.0452849,4.6590156,3.5609337,2.338209,3.2846399,3.3190481,5.7848253,4.3491033,2.0895448,5.4923377
GSM1692377,1,discovery,2.5592545,3.5146857,3.8920832,3.3488986,3.1531703,3.7795888,3.431456,4.030574,2.5457053,4.6121429,2.2134183,2.7008017,3.0597199,4.1110574,2.5045312,2.6539374,3.3916803,3.4975881,6.5132458,8.0516363,2.316752,3.9375925,3.0566536,4.5255491,5.7106312,3.016584,8.6472108,11.32803,3.2287659,2.6409911,3.1133197,3.164844,2.8847744,3.859097,2.5765463,2.0697253,5.2650884,6.6766344,5.1823059,5.1523931,3.7597209,2.301208,3.6725929,3.2321046,5.9518719,4.6121093,2.1898777,6.095717
GSM1692379,0,discovery,2.4781962,4.006909,2.8577533,2.6599297,2.5552661,4.0795921,3.0164025,2.974182,2.4755785,3.8903185,2.7098123,2.6195929,2.1016089,3.1544418,2.0770989,2.0967374,2.4426161,2.724574,5.9777949,8.7795412,2.1705777,3.7774663,2.3678724,3.8535183,4.7891199,2.5320524,7.7158684,11.431612,2.3583107,2.5608287,2.6303772,2.2889186,2.7236382,3.2513504,2.671483,2.5730757,5.7820132,6.1912928,5.3005311,5.5609497,4.5570227,2.3300449,6.1327745,2.7457999,5.3769206,3.9280962,2.8781538,7.9827191
GSM1692381,0,discovery,2.2811213,4.2622524,4.1232795,3.0593043,3.197803,4.5963336,3.400549,3.105367,2.7300698,4.7369661,2.1092335,2.7151336,3.0267829,4.1330864,2.3525929,2.8262472,3.3781185,3.282253,6.7013138,8.1680196,2.1408562,3.8993463,3.0705383,4.4699677,5.7082454,3.084974,8.2519785,11.700175,2.8664927,2.6825887,2.9303425,2.9430497,2.7197067,3.8160151,2.399193,2.0868852,5.6838598,6.4104677,4.8203043,4.7132217,3.4932809,2.1189369,4.666596,3.2321262,5.7160089,4.1620052,2.238088,6.8456353
GSM1692384,0,discovery,2.458786,3.2632659,4.7951343,2.7454043,2.9775228,3.3021747,3.3660261,3.2531358,2.9757241,4.6962795,3.0529348,2.8626623,2.5779688,4.3553795,2.7607278,2.4392671,3.7918977,4.5131849,6.2431514,7.9364851,2.3431028,4.6693398,2.9651716,4.4415604,5.8800254,2.904166,8.4693289,11.442815,3.9382879,2.5832139,3.2947294,2.5942775,3.0636938,3.8017396,2.4270877,2.1676526,4.5722563,6.4439189,4.9900239,4.6292443,3.5821123,2.422939,3.0198844,3.4293211,5.6320443,4.2911355,2.8592413,7.1877364
GSM1692386,0,discovery,2.6253996,3.9030811,3.8584969,2.715358,2.8187506,3.6407793,3.2823583,2.6231029,3.0050432,4.2414251,2.2267794,2.8672306,2.4596654,3.7078202,2.3265324,2.1228835,3.6479206,3.0071006,6.2132712,8.3558761,2.0300072,4.0649242,2.754334,3.8749384,5.2559857,2.8079027,8.5782479,11.205749,2.604931,2.4268109,2.6840417,2.4913376,2.7592776,3.3639128,2.3269819,2.4973472,5.261052,6.8936031,5.5733905,5.088483,4.4110101,2.3297334,4.933037,3.3372124,5.9038429,4.376803,2.2261557,7.7955911
GSM1692387,1,discovery,2.2089413,3.3741441,4.0230359,2.6555535,2.7187619,3.3588365,3.022263,3.3754221,2.5389493,4.4562464,2.359989,2.523739,2.3833195,3.9112807,2.2446752,2.3638098,3.356935,3.2624031,6.5263605,8.8322119,2.0388012,3.8892424,2.9707396,4.0855335,5.1953489,2.8598004,8.520656,11.425047,2.8003613,2.6124776,3.0033719,2.754702,2.4709771,3.6674974,2.8600259,1.9740178,4.8413191,6.2264345,4.7684372,4.9277649,3.5517577,1.8702366,5.460587,3.1519118,5.8671925,4.0982393,2.5238823,8.2009973
GSM1692388,1,discovery,2.609857,3.8781509,3.631819,2.6046858,3.1462062,3.5326397,2.9506405,3.3400239,2.6159731,4.0244809,2.8677261,2.1637229,2.797362,3.6331238,2.7478197,2.8842959,3.2022759,2.9048188,6.1792717,7.8891409,2.4513416,3.5781752,2.7453642,3.8567988,5.4183109,2.5543617,8.7755011,11.19725,2.8663784,2.391698,2.4898679,2.7117614,2.517168,2.7352421,2.4372635,2.7792936,4.8722013,6.4990629,5.421692,4.3402094,5.4798372,2.4238126,3.6351705,3.6650608,6.7938701,4.2311773,2.8925664,7.781947
GSM1692389,1,discovery,2.7985629,3.9579723,3.6161379,2.2806852,3.149726,3.4844382,3.078229,2.8962778,2.4190093,4.9955205,2.4834179,2.7385293,2.2150136,3.9384223,2.4318409,2.0751161,2.8543274,3.0992483,5.293829,8.367766,2.3666275,3.6393025,2.5935594,3.6428369,5.0183103,2.5901076,8.2577573,11.766107,2.1264468,2.3983833,2.8172042,2.4073689,2.1736339,2.7221446,3.0389389,2.4201788,5.8591482,6.0214689,4.8589612,4.706994,3.6401885,2.2294421,3.7991437,3.3034761,5.9559868,4.395508,2.7053535,8.2918182
GSM1692391,0,discovery,2.6318011,4.7091045,3.6654536,2.7521714,2.6673785,3.9459276,3.4872837,2.5165293,3.2139581,3.6852392,2.3892718,2.5597497,2.4301624,3.0864328,2.4891432,2.283842,3.2733196,3.0699208,6.4109908,8.2433259,2.0128199,3.9866465,3.0896163,4.3285085,5.5672709,2.9808217,8.166012,10.910666,2.9040832,2.4653919,2.3924008,2.5835323,2.1999867,2.8478813,2.469953,2.7387946,5.816122,6.8587702,5.5742263,6.4303229,4.6477184,2.4167369,3.9988648,3.3158434,5.6025633,3.7176824,2.6955266,7.4197169
GSM1692392,0,discovery,2.5552101,4.0739225,3.910315,2.6796636,3.1983547,3.395666,3.4606853,3.4715246,2.4341275,4.5060268,2.6469916,2.4901557,2.6402401,3.9373102,2.2108301,2.1026953,2.7891073,3.0920849,6.1918269,7.9151794,2.5230212,4.290812,2.8611373,4.1620693,5.3250494,2.9584431,8.567714,11.554751,3.1148284,2.6104447,3.1117392,2.8853002,2.9147221,3.5169446,2.1139031,2.6128753,5.2235694,6.4265685,4.6980714,4.7816215,4.2084268,2.4872463,3.5067034,2.8382132,6.1041202,4.2229004,2.758379,7.0042199
GSM1692393,0,discovery,2.9932737,4.5799414,4.6548446,2.7253442,3.4296165,4.0057529,3.7157582,3.6567738,2.564727,4.2097395,2.3931074,2.5354857,3.1834228,4.3927846,2.2642131,2.4848372,4.227077,3.4301066,6.6050457,7.1717704,2.6416317,4.6258966,4.1057393,5.0133999,5.8864814,2.9312306,9.2968126,10.955945,3.3149056,2.6825793,3.2789853,2.938307,3.1915328,3.5001317,2.4086383,2.4565031,5.8502553,7.1094223,5.1418313,5.1950621,4.2378788,2.6443874,2.9169549,4.2850845,6.7036979,4.9585009,2.4420011,6.764346
GSM1692394,1,discovery,3.1329067,3.3015453,5.1232477,3.6347862,3.0865712,2.7057783,3.4549987,3.2822529,2.7365359,4.3345276,2.0661344,2.4692551,3.7463122,4.4151932,3.4689468,2.4615593,4.095766,3.8926513,6.2771839,7.6751158,2.5108796,5.2721479,3.3229025,5.0529512,6.3558684,3.7940377,8.9232803,10.746059,4.6424408,3.0682219,3.2624684,3.977047,3.2595116,4.8626733,2.5011992,2.0686829,5.0030609,6.6110247,4.8678623,4.3460539,3.9868464,2.7175548,3.1710249,2.8485775,6.0459793,5.4461981,2.3142897,7.6675505
GSM1692395,0,discovery,2.8730013,3.0379013,4.9514247,3.3719385,2.7744649,3.6795905,3.631628,3.3799555,2.374416,4.2688561,1.8199231,2.8747014,3.4677891,4.6879494,2.7344379,2.5832441,3.7269571,4.010167,6.3387605,7.7145897,2.4869314,4.4733471,2.9928139,4.5647517,6.2394695,3.3413101,8.9534533,11.308794,3.5566304,2.5017889,3.6371881,3.2589262,2.9276498,4.0771774,2.6834323,1.9917522,4.9251565,6.6029598,4.9655891,4.1872762,4.1845135,3.2392371,3.3489346,3.5432248,6.239989,4.9632222,2.3326799,7.7282268
GSM1692397,0,discovery,2.7357827,3.7822509,3.9060373,2.7133534,2.8724518,4.1648207,3.2790337,3.380551,2.543643,4.5289856,2.4105125,2.8027152,2.7747662,3.8196115,2.1286301,2.5750084,3.2173542,3.2752062,7.0935787,8.0916388,2.3193777,4.4279821,2.9245445,4.3801493,5.5906143,3.0208858,8.6731179,11.276944,2.7769758,2.7244116,3.3228408,2.8032445,2.6933282,3.6043097,2.5669793,2.3386425,5.4990845,6.5504745,4.8124854,5.0346657,4.1830476,2.2302359,4.813632,3.1095766,5.8661824,4.4579881,2.6883419,7.8428122
GSM1692399,0,discovery,2.5267861,3.6120464,4.9333919,3.344679,3.0094059,3.3309391,3.2274916,3.1641543,2.5130096,4.2920502,2.3428903,2.7931576,2.8202952,4.6920581,2.7386008,2.7556485,4.2095189,3.9368163,6.9679656,7.5778507,2.3750328,4.6230396,2.8637083,4.7903646,5.9233518,2.7014264,8.1693959,11.434844,4.0305916,2.9965655,2.9475873,2.84238,3.2525437,3.4413122,2.2688886,2.2738126,5.5626,6.6288165,4.1775749,4.1630962,3.8652525,2.4790914,3.5507075,3.1932711,6.1758648,4.9745687,2.5678616,6.617273
GSM1692400,0,discovery,2.6843191,3.7137859,3.8542069,2.660974,2.7583077,3.4718163,3.1729176,3.1901313,2.4132545,4.2258872,2.0733972,2.4405197,2.8743253,4.2558148,2.2467085,2.2818781,2.9294769,3.3030904,5.9234414,7.4061642,2.1350494,3.9410567,2.4674573,3.849895,5.1394083,2.5289752,8.2484602,11.717497,3.0204563,3.0348312,2.9218327,2.4647315,2.4321603,3.3310293,2.819001,2.2068446,6.1810525,6.4870134,5.2557041,4.8472803,3.3633923,2.0057428,3.7929112,3.1032807,5.9427067,4.3007065,2.1989848,5.5307723
GSM1692404,0,discovery,2.5040772,3.7706465,2.8453265,2.5346381,2.9676793,3.7589655,2.9388338,3.4098048,3.1509346,3.9852443,2.5548207,2.9877549,2.3201554,3.4850483,2.7399499,1.938867,3.0819697,2.3802019,5.9597933,8.256,2.2025078,3.246191,2.8611247,4.0277098,5.21175,2.8103735,8.0678361,11.550949,3.014985,2.1975635,2.4271999,2.1058732,2.5817859,3.1424638,1.9364668,2.8889227,5.5574843,6.5999797,5.202184,6.0838995,4.2681945,2.4109135,3.383279,4.0904406,5.5926009,3.734606,3.089788,5.6447275
GSM1692406,0,discovery,3.0898007,4.1182422,4.4250949,2.882115,3.3974725,3.8377835,3.2453839,4.5551796,2.5684227,4.7892158,2.5041519,2.7962248,3.0743966,4.3315082,2.5288915,2.5538351,3.4107391,2.8735112,6.3161975,7.5405474,2.319329,4.1300097,2.9672505,4.4073883,5.7254538,3.1901007,8.6868783,11.272455,3.448075,2.5054583,3.404606,2.7313709,3.0304328,3.697597,2.3839771,2.5821788,5.9636472,6.7282228,5.0762205,5.3652601,4.068112,2.4828479,2.7906223,3.1822619,6.2682754,4.6036357,2.1425015,6.1952601
GSM1692407,0,discovery,2.6343831,3.0527821,4.068101,2.8251759,2.6951262,3.392453,3.2906008,4.1916182,2.2161707,4.7135724,2.1673826,2.7105069,2.3790008,4.0766473,2.562134,2.2659451,2.9831261,3.218964,6.079286,8.0517972,2.1356734,4.1063926,2.7364959,4.0846626,5.4462797,2.7828697,8.5667193,11.418714,2.8982683,2.6265926,2.9264685,2.5659365,2.5294026,3.0230374,3.3242885,2.4380792,5.0071396,6.4037866,4.9140295,4.8475387,4.0078014,2.2021638,4.1979925,3.672414,6.1096049,4.26822,2.5059258,8.1791701
GSM1692408,0,discovery,2.6419549,5.4247329,3.5909422,2.6798373,2.7710255,3.9652382,2.8565416,3.674037,3.7036149,4.3712858,2.8653784,2.8227301,2.3822971,3.3285892,2.3107369,2.056223,3.4630679,3.3302385,6.3148459,7.8241164,2.0122857,3.5966868,2.8024397,3.8623609,5.1973328,2.4759747,8.5636773,10.988256,2.7146392,2.5229987,3.109283,2.4188165,2.7155587,2.7253359,2.2757394,3.0447061,6.6677206,7.1801528,5.8881071,5.9594085,4.9878999,2.8056221,3.6148125,3.5672403,5.9882416,4.2711672,2.7507484,7.4066207
GSM1692410,0,discovery,3.2974399,3.7940398,4.8769513,2.8850629,2.8337836,2.9883365,3.5040187,4.146145,2.5691901,4.0700988,2.1495681,2.7156884,3.8072708,4.9879862,2.1192315,2.7842131,4.629244,3.9962253,6.7444905,6.9639878,3.5701671,4.9432678,3.9214016,5.0603909,6.4399188,3.0755527,8.7397987,10.684964,4.4279953,3.6406398,3.5686409,4.5376901,3.264952,4.2992006,2.4301127,2.2759523,4.9734014,6.9690647,5.2180971,4.6321059,4.1379127,2.7361789,2.7772368,3.0379152,6.2341553,5.7058389,2.5296713,6.9331343
GSM1692412,0,discovery,2.8359379,4.8129897,5.1215439,3.1613001,3.1373825,3.6716229,3.5633881,2.4741081,2.3985022,4.0794319,2.2119365,3.0000139,3.6237213,5.112658,3.5240829,2.4868737,4.251451,4.2883321,7.3778298,7.6989215,2.5629152,4.9517566,3.4637816,4.6185521,6.3771236,3.1967601,8.9291623,10.918416,4.3819707,3.2887866,3.2009575,2.9744678,4.1103451,4.3237991,2.5075394,2.655894,6.1225454,6.97556,4.9642849,5.6567134,4.5785823,2.5875222,3.519311,3.6364474,6.0963802,4.8306227,2.3266539,6.9893097
GSM1692413,0,discovery,2.5206103,3.4727541,3.9868378,2.3307007,2.9282609,3.6323571,3.6810793,3.2805977,2.175222,4.8211411,3.6260635,3.1970172,2.6066351,3.6918208,2.4350202,2.8103302,2.9833033,3.0897669,6.046602,8.4226084,2.4446164,4.2545995,2.6202701,3.9846166,5.4743658,3.2397164,7.9866402,11.934234,2.5431075,2.6497684,2.5757755,2.1957323,2.6422255,3.3879813,2.3021926,2.609269,5.2183661,6.0891365,4.9266438,5.0355797,4.3049388,2.4635746,3.3325091,2.9825677,5.3014673,4.3372383,2.0975781,5.7972972
GSM1692414,0,discovery,2.5694324,3.7831239,4.4223079,2.814921,3.1062271,3.1439823,3.5313498,4.2924158,2.9895643,4.557001,2.4412586,3.17187,3.035851,4.3798342,2.4283917,2.3999535,3.5450023,3.2123118,6.4529592,8.063765,2.3270328,4.1872802,3.2215473,4.5723337,5.856835,2.831953,8.7345738,10.995255,3.0840816,2.5089966,3.1148471,3.5328159,2.8919502,3.589775,3.0856419,2.3265253,5.2754113,6.7788925,5.119308,4.079195,4.8956866,2.1331383,3.843293,3.1652983,6.2394322,4.889555,2.5805357,8.545411
GSM1692415,0,discovery,2.5796425,3.3517357,3.6584035,2.8852498,2.6802082,3.9044268,3.1369145,3.3590817,2.5627203,4.407724,2.4521725,2.6698718,2.8747511,3.7078344,2.3274849,2.1719819,3.1513084,2.9886569,5.9059192,8.2050959,2.2627291,3.4474485,2.8118359,3.9255143,5.0649059,2.9005234,8.1220606,11.484118,2.7871338,2.4801663,2.6734117,2.5826511,2.769366,3.2265114,3.2405236,2.0910363,5.2201473,6.0745506,4.7118532,5.2875992,3.2923631,2.3652421,5.2864773,2.769129,5.7311307,4.3065271,2.6569616,8.0164817
GSM1692416,0,validation,2.484239,4.0055026,3.6817398,2.9900999,2.9721068,3.4654457,3.5253059,3.1929371,2.4607966,4.2604011,2.6443345,2.6633541,2.3049948,3.9983816,2.4764988,2.1413287,3.240067,2.8644724,5.8980262,8.4127512,2.5246329,3.7554369,2.5924807,3.8334648,5.2410558,2.6193573,8.1736321,11.486618,2.9308998,2.533123,2.5342054,2.3971472,2.5068988,2.7891648,2.3044158,2.3162682,5.0517743,6.0882634,4.59484,4.829376,4.1691219,2.1534845,5.2487905,3.2602713,5.3586225,4.0167133,2.2216049,7.1450501
GSM1692417,0,validation,3.1098533,3.3724858,4.8068507,2.6793426,3.1773226,2.9965363,3.4800773,3.9556076,2.0496128,4.3111481,2.0092535,2.6101571,3.3420439,4.6819203,2.9780418,2.775031,3.4639445,3.7530319,6.1870149,7.5467323,2.239871,4.6820606,3.631589,5.0134523,5.9888052,3.0439615,8.8557991,11.22688,3.8324598,2.8075918,3.1010789,3.3682825,4.0470359,4.0549537,3.1384717,2.1992682,5.1535777,7.17102,5.0281279,5.2173039,3.7122481,2.6118558,2.9739103,3.5010651,6.7554212,4.9778103,2.2899107,7.0632645
GSM1692418,0,validation,2.6276663,3.1197681,4.0458098,2.8038854,2.8867639,3.2242383,3.319465,4.2582331,2.2919458,4.5893814,2.4944968,2.566439,2.4683736,4.021083,2.37265,2.1599919,3.2521951,3.199817,6.0868916,8.4798193,2.3263721,3.8546315,2.8989714,3.6960418,5.4168917,3.0263824,8.2279067,11.455022,3.0381763,2.7625027,3.2524011,2.8130157,3.1949202,3.5765332,2.6816276,2.3320108,4.6586049,6.6253865,5.2377878,4.6020147,3.9832198,2.3733102,3.8026253,2.9901086,6.0589192,4.5126118,2.3526162,7.8461654
GSM1692420,0,validation,2.7146123,3.6044468,5.0890953,3.205212,3.1124817,3.1262115,4.1668279,2.9305721,2.3813436,4.8531152,2.4006373,2.574934,3.5373166,5.1426693,2.357199,2.6472354,3.1230562,5.1611034,6.7131924,7.0116328,2.3792714,5.1394948,2.6675124,4.4497054,5.9995635,2.9480621,9.0023907,11.209816,2.9621529,2.7695893,3.7574532,3.3790482,3.4180169,3.4106598,2.0380422,2.025623,4.4937598,6.6653444,5.3316993,3.9120964,4.1106262,2.6160553,2.3218924,3.3184484,6.3011852,5.4914864,2.1876719,7.5972458
GSM1692421,0,validation,2.7291689,4.5095317,2.665849,2.651118,2.8556239,3.6196641,3.4235033,3.504543,2.1683172,3.8648423,2.2195421,2.5387906,2.6021719,3.4328365,2.1117173,2.5732635,2.94581,2.8073101,5.7251065,8.4343381,1.8979863,3.4710081,2.7142036,4.1092467,4.4937038,2.3445221,7.0013939,11.784722,2.263857,2.289657,2.2691442,2.7515723,2.4902171,3.1413392,2.3953835,2.3236331,4.4304334,6.3142671,5.3848189,4.8534422,5.3111508,2.5927976,4.8772969,3.0534305,5.3843211,3.9966196,2.6906505,7.6646824
GSM1692422,0,validation,2.3997755,3.6529627,4.1141804,2.8709808,3.0386998,3.2228748,3.3608926,3.993759,2.6016848,4.6651029,2.1940512,2.6578468,2.6973164,3.9537634,2.3691178,2.2217926,3.2428526,2.9194624,6.0414724,8.052908,2.2796532,4.1031082,2.6138791,3.975202,5.7938701,2.9292458,8.645178,11.462959,2.8897589,2.5944274,2.5797045,3.2108313,2.5761823,3.5757279,2.7979165,2.2528317,5.5304795,6.5479446,4.9971636,5.3522159,3.6066363,2.6314127,4.7300767,3.2864614,5.7999166,4.3515539,2.3774539,7.9110753
GSM1692423,0,validation,3.0352546,3.7857897,5.0349524,2.9356702,2.9826723,2.8550458,3.3043104,3.6078108,2.7111904,4.9896687,2.3821715,2.7941778,3.4112349,4.4456976,2.430824,2.2723236,4.0977759,3.3400016,5.8883092,7.5321204,2.4062639,4.7213113,3.0832464,4.1343394,5.5913146,3.3648147,9.1924602,11.283445,3.263072,2.2151861,3.0326599,3.7725258,3.4235855,3.5783884,2.5488207,2.3391548,5.047093,6.1846431,4.6635774,4.9049559,3.4563933,2.3822522,3.2753236,2.9640713,5.8949979,4.5637877,2.3972712,7.4797342
GSM1692424,0,discovery,2.4907435,4.0829835,2.729998,2.7320376,2.9498618,3.6063916,2.9680025,3.0935159,2.3315991,4.2618107,1.8925736,2.598193,2.4898185,4.0687965,2.554635,2.0945098,2.5479912,2.8697877,6.5983572,8.2106851,1.7558713,4.9138303,2.2325849,4.1923869,5.4864697,2.4380098,7.8676742,11.452287,2.7514138,2.6845571,2.8838606,2.5187842,2.347953,3.8992112,1.6212861,2.6040089,5.7806392,6.4738003,5.1808047,4.9644595,4.093414,2.4406395,4.2989092,2.6825985,5.91984,3.9516367,2.1245929,8.091574
GSM1692425,0,discovery,3.3455611,3.2169827,4.3691499,3.1393614,3.0317578,2.8646726,3.8783947,2.7831378,2.9203363,3.7080977,1.893318,2.9239978,2.9207569,4.8936157,3.5601987,2.5261762,4.1682044,3.9021441,7.2531258,8.4209422,3.1639836,5.2126365,3.6565277,4.2897336,6.5219919,3.0019707,8.5450014,11.495774,3.9074809,2.8360355,3.999561,3.7332873,4.0488527,3.7269477,2.7700917,2.1713342,5.7345006,7.0432004,5.0910265,4.4151161,3.2948288,2.6518245,2.9305626,3.2167424,5.5038558,4.6106435,2.6717917,6.9155628
GSM1692427,0,validation,3.1921976,3.5035456,5.2266581,3.6798903,3.2599595,3.1105354,3.7389623,2.9630112,3.07978,3.9313604,1.795938,2.4475801,3.7720511,4.8373852,2.9566159,2.5373662,3.9602218,4.5616625,6.6712623,7.4739992,3.2167141,5.1427119,3.8872863,4.9823147,6.5475793,2.9540314,8.3064272,10.951648,4.6759247,2.9370058,3.7802196,3.772811,4.1028194,5.4597724,2.6059664,2.2975992,4.9785034,6.8859461,4.878472,3.6558375,3.1916675,3.3687597,3.3104905,3.094044,5.4795843,5.8676089,2.1153662,5.8270801
GSM1692428,0,validation,2.4944231,4.0030815,4.2050953,2.8622245,2.7686546,3.5886834,3.233532,2.8565868,2.2944185,4.3901382,2.3361971,2.66423,2.7451099,4.1371677,2.4469374,2.5129139,3.1716557,3.0622654,6.4754214,8.4679287,2.1923584,4.1558945,2.9012835,4.07336,5.6043896,2.9785221,7.9473084,11.401781,2.8309999,2.6527578,3.5171599,2.9764168,2.4364469,3.2316475,2.948208,2.0833621,5.7065208,6.5969817,5.0226549,5.430349,4.4187994,1.9208111,5.2552114,2.9245561,5.3806195,4.3530801,2.15564,5.9436417
GSM1692429,0,validation,2.6326557,3.4377654,4.4232217,3.4717269,3.0744857,3.1831573,3.6571456,3.7036217,2.6602268,4.3016726,2.0530952,2.376323,2.7739296,4.3874336,2.6163086,2.4286267,3.590074,3.3206804,6.3299914,7.7976407,2.2940356,4.2581146,3.252864,4.1087511,5.8675717,3.2630012,8.5173462,11.181214,3.5505025,3.0177064,3.3726533,3.3759416,3.3100799,4.0968424,2.513037,2.2086164,5.053548,6.5265677,4.8873306,4.3643959,3.6643821,2.4652334,3.9557717,3.1793573,5.562118,4.5802438,2.3536326,7.4089836
GSM1692430,0,discovery,2.2870476,3.2442349,4.0954602,2.7000534,2.9183004,3.4547666,3.1994433,3.5023772,2.3185214,4.1794429,2.2125141,3.2118593,2.5302489,4.1221709,2.3547881,2.2312634,3.6038133,2.9903718,5.9352727,8.2290973,1.9994377,4.0706141,2.7093546,3.738851,5.219041,2.8287663,8.5308105,11.548755,2.9510596,2.481388,2.6162255,2.8864823,2.2090477,2.6118489,3.1677548,2.3991229,4.916659,5.7703071,4.6912754,4.622483,4.6866483,2.4151592,4.5719202,2.7199741,6.2462005,4.269464,2.3768841,8.1786459
GSM1692436,0,validation,2.3753503,4.3578186,3.7470412,3.1270079,2.4457709,3.564389,3.4053306,3.6489236,2.2387932,4.3076809,2.32287,2.7568411,1.9465224,3.0717115,2.4579988,2.3029371,3.0461603,2.7972073,5.7777816,7.6725937,1.96386,3.8814612,2.5771568,3.9131798,4.9222857,2.7482943,8.8573474,11.280132,2.2751335,2.4821299,2.1235878,2.1920256,2.3109334,3.0522358,2.2507131,3.0775961,5.6875799,7.0292853,6.1847858,5.1701073,5.2218814,2.8844275,3.3389728,4.343306,6.5070731,4.4877849,3.0662536,6.5423161
GSM1692437,0,validation,2.7785937,3.2577245,4.5580607,3.4935181,3.5513199,3.6269804,3.4338079,3.39819,2.4656602,4.6442375,2.1461732,2.8778317,3.1146429,4.344723,2.7519532,2.5469549,3.2611766,3.4234888,6.700007,7.4707086,2.8900553,4.8183214,3.6780649,4.6189744,5.7491403,3.3514276,8.6482341,11.592884,3.0776397,3.0035473,3.7730782,3.137859,2.5853798,3.6977141,2.3973156,2.4684009,5.9725076,6.5783028,5.0810086,4.8380153,3.8244358,2.8433767,2.7490172,3.4248288,5.9935649,4.9068337,2.7317078,6.907795
GSM1692438,0,discovery,2.6445144,3.4537983,4.6318527,2.7799907,3.1175096,4.2724922,3.4009047,3.0508241,2.3677539,4.5629738,2.235255,2.3759511,2.9374028,4.2776862,2.5439533,2.5584273,3.0263698,3.6061255,6.5435853,7.999614,2.494037,4.3371398,3.6780485,4.1390977,5.6007945,2.8708251,8.1704302,11.604483,2.5340231,2.4296732,3.4744807,3.141375,3.2151057,3.6154263,2.1952153,2.1545127,5.7213637,6.5585763,4.8011136,4.73993,3.6111168,1.9774842,4.267653,2.9890256,5.9263583,4.6191042,2.1734478,5.9974708
GSM1692439,0,validation,2.4197906,3.6713138,4.3807909,2.7555743,2.8080291,3.5148243,3.6424251,3.1048145,2.4516535,4.4271897,2.0041247,2.8114125,3.298734,4.2708317,2.4255744,2.5590692,4.2735144,3.207133,6.6709147,7.8014327,2.4499152,4.172728,2.8481666,4.6792254,5.7829596,2.8498411,8.3581895,11.51371,3.0951655,2.6145892,3.4995576,3.1465772,2.8289479,3.5523033,2.454611,2.0547562,5.7026166,6.5736772,4.9138966,4.7784751,3.7619049,2.4536795,4.2427206,3.4091845,5.6772706,4.9124339,2.2651969,7.3147246
GSM1692440,0,validation,2.7101343,3.2127381,4.0875387,2.6652028,3.3097659,3.6797343,3.8466176,2.8651559,2.734378,4.9695349,2.2046271,2.8399068,2.9321173,3.9905122,2.8153699,2.841465,3.1467901,3.1422041,6.5985799,7.7194664,2.0966911,4.1034735,2.529702,4.6831113,5.9552011,3.6149259,8.0176555,11.436234,2.8239421,2.9687974,2.8798701,2.9848969,2.9310983,3.0814057,2.3097678,2.2488181,4.5850924,7.1147335,5.4137766,4.0848062,3.7930919,2.2709448,3.1411585,3.4111819,6.0852399,4.6587808,2.5567007,7.7474625
GSM1692441,0,discovery,2.723653,3.4571153,4.6129357,2.8784375,3.1794012,3.1032341,3.6989977,3.7634465,2.8042641,4.1599862,2.4877561,2.8492515,3.5173414,4.4863976,2.7680133,2.7089763,3.8963974,3.2053433,6.9285644,7.6311955,2.4128014,4.3619189,3.3537587,4.4024806,6.0915535,3.8070227,8.8223934,11.046762,3.4220107,2.6472532,3.1267432,2.9265777,3.179117,3.7145527,2.8475687,2.0908041,5.5967528,6.7377906,4.8386588,4.3981615,3.4157523,2.2577104,4.0186544,3.0234101,6.0445609,4.6348478,2.3701076,6.9062344
GSM1692443,1,validation,2.418143,4.0411883,3.7443803,2.6159795,3.2055928,3.8388101,3.2944541,2.8948473,3.1242679,4.2373819,2.2531829,2.7977159,2.6333097,3.7289072,2.430906,2.7923339,3.6063419,3.0335989,6.3195925,7.4537635,2.1485743,4.2877381,2.8543127,4.5439847,5.191509,2.7995293,7.709102,11.364452,3.0918837,2.7657253,2.3626539,2.8045685,2.7511473,3.9196466,2.1629072,2.8888288,5.8098369,7.322779,6.1221193,6.4098053,4.5938628,2.3289692,3.1324233,3.0593692,5.4058893,4.3310937,2.0571816,3.1682361
GSM1692445,0,validation,2.5655904,3.1231344,4.0513636,2.9029386,2.8880343,3.3079082,3.2653995,3.7173343,2.5731704,4.4149482,2.2548556,3.3160624,2.0375065,3.9892006,2.7848077,2.342794,3.2151872,3.5378454,6.3758455,8.1700784,2.0911269,4.4346843,2.5064235,3.9267509,5.6233574,2.9045923,8.6326858,11.259033,2.9543591,2.8548285,2.7168522,2.4814027,2.2176511,3.3499989,2.6544704,2.7227284,4.8987515,6.8570245,4.9936421,5.7749423,3.9545241,2.1651699,4.2363489,3.533544,5.697108,4.4465851,2.2025184,8.0740639
GSM1692446,0,validation,2.8028606,3.7633464,4.6509127,3.345162,3.2034657,3.1477023,3.550806,3.8127849,3.736259,3.8537946,3.8207135,2.798554,3.9137309,5.3549936,2.537101,2.6001218,4.6741808,3.279621,6.7188334,7.4468484,3.2236714,5.4358912,3.4204786,4.9991624,6.0342102,3.386978,8.8421622,10.546287,3.9114987,3.3763911,3.8609298,4.7404914,4.607415,4.5706664,2.5489443,2.3889089,5.4912332,6.8632612,5.4373908,5.7651189,3.5020973,2.5140883,2.9630152,3.1326963,6.2398802,5.338195,2.2967467,5.8282852
GSM1692448,0,validation,2.6275815,3.1338618,4.3666804,4.0997924,3.2195438,3.965183,3.9670006,2.6475969,2.3014129,4.141299,2.8566446,2.9139805,2.4228775,4.1012533,2.0698678,2.5934074,3.7575519,4.3506394,6.7754873,8.20622,2.2066934,4.9029964,3.0852244,5.0544841,6.1683654,2.8573805,8.3910208,11.644577,2.9494909,2.8273766,3.6121506,2.733259,2.5332777,3.992252,3.2286709,3.2387764,6.0579155,6.3783117,4.7705519,5.1681231,3.9408723,3.2010007,3.4782064,3.1429045,5.9230947,4.248866,2.807468,7.3012807
GSM1692452,0,validation,2.5218144,3.4679218,4.4451081,3.0994992,2.9087221,3.734957,3.5347514,3.1134197,2.4925373,4.1052879,2.3683331,2.3780485,3.0882263,4.3932594,2.3697293,2.6647269,3.6470014,3.6378508,6.7812006,8.2096507,2.3308681,4.4315231,3.4956985,4.620314,5.5391013,3.3874198,8.6651367,11.04188,3.6123549,2.8696663,2.8818087,2.7607634,3.1107897,4.2096288,2.9674876,2.1312545,4.9273101,6.656067,5.0060685,5.3847192,4.0470547,2.1794648,3.1369917,3.1596879,5.8905236,4.9643683,2.20503,6.3518872
GSM1692453,0,validation,3.0262783,4.1528807,5.3485145,3.3206775,3.1901708,3.0671099,3.8932359,2.9476554,2.5198539,4.1451745,3.1318306,3.0989091,3.9165266,5.952056,2.9068508,2.3382102,4.8438812,3.94835,6.9836861,7.9949729,2.5915335,4.7162909,3.8841838,4.7164166,6.6074135,3.0055094,8.605556,10.372687,4.0352509,3.7670353,4.8838932,3.6017003,3.5837156,4.4321261,2.5818033,2.3393325,4.8772757,6.7618986,4.7536632,5.0865363,3.5668453,2.6994033,3.5548755,3.8365913,6.2307141,5.6254434,2.4913322,5.9725942
GSM1692454,1,validation,2.3907264,4.0393271,3.1111199,2.9461016,3.3480857,3.8780887,3.6991585,3.0868191,2.5052256,4.1440778,2.6246967,2.915408,2.140439,3.6279073,2.4928402,2.412762,3.2359342,3.3397154,6.5716189,7.3744539,2.2211825,4.0306915,2.4391238,4.0913054,5.5001045,3.0168831,8.4766899,11.451092,2.8815893,2.7519654,2.8107435,2.6031619,2.7327753,3.3351059,2.2136634,3.2416235,5.9609229,6.635656,5.2195108,4.9711115,3.9719184,2.4999658,3.8843258,2.8708938,6.1322512,4.1221691,2.3141123,7.3138953
GSM1692455,0,validation,2.5236462,3.5057159,3.9432948,2.5574591,2.7708093,3.9590737,3.301069,3.6320754,2.5011293,4.1597468,2.1428092,2.7347644,2.6890144,3.9483047,2.5743748,2.4178722,3.2209287,3.1812757,6.1247522,7.6614336,2.0295171,3.9310638,2.7871891,4.0116096,5.3105444,2.676521,8.3659988,11.575204,3.1600986,2.3002133,2.6571606,2.4108831,2.6686452,3.3796362,2.2536253,2.3246792,5.6476478,6.6193798,5.6057418,5.4139345,4.5427144,2.7191583,3.4582122,3.4805413,5.7805259,4.7099645,2.2381181,7.6358089
GSM1692458,0,validation,2.6388514,3.3696538,4.5760244,2.9354402,3.3493756,3.9098155,4.2076392,3.8524353,2.905917,4.5170666,2.0012333,2.4998871,3.4244295,4.6949759,2.7589081,2.5183901,3.930159,3.2719476,6.5774275,6.2195913,2.591321,4.8952348,3.4684249,4.4013028,6.2280528,3.2286977,8.6272086,11.206285,3.3425582,3.3287476,4.0500368,3.3836891,3.6533995,3.5926644,1.9414094,2.4528068,5.4442045,7.1248581,5.2679753,3.7223882,3.2273897,2.750528,2.6361562,3.5634274,5.8931059,4.5049834,2.0139666,6.309688
GSM1692459,1,discovery,2.6064971,4.0401505,3.8429809,2.7401061,2.7879971,3.7832265,3.5283231,2.3914684,2.4146611,4.0024378,2.3297177,2.5821124,3.3793212,3.9673772,2.3098109,2.1830167,3.2486343,3.0551258,6.064784,8.6364204,2.3463588,3.8674293,2.5101425,3.941248,5.9166958,3.1256881,8.3674013,11.153077,2.7284795,2.7274864,3.5918412,3.3649867,3.469186,3.6939292,2.4722328,2.8731495,5.0286973,6.5619925,4.9297984,5.5389204,3.7998149,2.3590845,4.9403566,3.1083757,5.3067601,4.4976991,2.2402536,7.6826469
GSM1692461,0,discovery,2.8608587,4.1556026,3.9246921,3.1636662,3.1438011,3.3347164,3.3040819,4.4009757,2.7747688,4.9272014,2.645738,2.6182424,2.5139987,4.0394588,2.4082232,2.4891897,2.8840583,2.9892211,6.0398941,7.9600925,2.5653419,3.8040315,2.7032765,4.0432401,5.5018808,2.8770243,8.1507281,11.136118,2.8428703,2.7439966,2.7327497,2.5211044,2.5326823,2.8619285,2.3824444,2.1617144,5.6164935,6.0308349,4.8422483,4.44725,5.3484422,2.6058239,4.0403964,3.2050301,6.1059724,4.2848955,2.2638114,7.3969304
GSM1692465,0,validation,2.5796104,4.6746309,4.1256585,2.7707923,2.8491298,3.6273853,3.2709894,2.9416003,2.3922211,3.9227469,2.1803027,2.6253531,2.856925,3.8807182,2.4310056,2.2152217,3.6785783,2.9825762,6.4630266,8.186197,1.8469463,3.9775599,2.6788723,4.2782298,6.0002728,3.4066247,8.7570087,11.14388,2.8551323,2.7383977,2.9246665,2.5760505,2.6051475,4.2189133,2.1577663,2.4947778,5.4310252,6.7965976,5.4473063,5.1359095,4.856153,2.4787263,4.5795526,3.3076575,5.7250691,4.1801046,2.4758424,7.1095526
GSM1692466,0,discovery,2.4954743,3.4586189,4.1853805,2.9183704,2.9699914,3.453502,2.9767612,3.313249,2.8663922,4.9092987,2.1233254,3.2176871,2.2096185,3.2358056,2.2340952,2.3263994,2.7184044,2.8473845,5.5883725,8.0121566,2.1213725,3.6167936,2.8839278,4.0363196,5.3675401,2.7796085,8.9325386,11.294681,2.8090522,2.4315605,2.7963654,2.3442543,2.4793289,3.7330829,2.4102045,2.3468476,4.7662811,6.3859078,5.0875445,4.7161261,3.8805475,2.0068374,3.7045946,3.8380644,6.2604712,4.3255597,2.61083,8.2549766
GSM1692467,1,discovery,3.0228651,3.8519669,3.5831068,2.7306262,2.6937014,3.6790173,3.8320497,1.7753953,2.7675432,3.5146004,2.611616,2.455756,2.4236279,3.6416414,1.8566582,2.3243183,3.4892568,2.9051799,6.2894939,8.6784497,2.2145777,3.8327152,2.916146,4.5933102,5.2184365,3.3087883,8.217898,11.230612,2.7841454,2.8464852,3.0288585,2.9576589,2.2569138,3.1312048,1.7758313,2.5154561,5.5239826,6.8975275,5.4597535,5.7181166,4.0607647,2.2462984,4.3250198,3.0575186,5.7347127,4.0885243,2.7725984,7.6031656
GSM1692478,1,validation,2.5140481,3.3566639,5.134048,3.1111415,3.318248,3.054834,4.3085494,3.2537606,2.8231793,4.5923117,2.3992038,2.7637114,3.7895734,4.9570539,2.9860412,2.8045758,4.3655518,3.379166,6.9452809,7.3095912,2.9512785,5.4903295,3.2080802,5.0693653,6.6238172,3.6046964,8.8525761,10.355018,3.930027,2.7248912,3.8910077,3.8267151,3.5740369,4.2376419,2.3344757,2.1013657,4.5815119,7.1361086,5.4890303,3.8746617,3.3131056,2.489835,3.3702124,3.468778,6.5238561,5.3901084,2.57723,7.3882428
GSM1692482,0,validation,2.4836717,3.0727424,3.4160238,2.6213972,3.0275818,3.3973057,3.1958338,2.5794947,2.9173805,4.3818889,2.7504804,3.0282821,2.2085385,3.7788272,2.166469,2.3580479,2.9573365,2.9103978,6.1900619,7.887633,2.1970237,4.0299682,2.5247064,3.6480455,5.3410502,2.9292589,7.979228,11.673747,2.6294349,2.4374114,2.7242698,2.9504281,2.4111295,2.8012375,2.4349152,3.1484147,6.3390376,6.261874,5.228008,4.478945,5.0886272,2.5502947,3.4831906,3.3636195,5.1265803,3.91721,2.8265195,7.448566
GSM1692484,0,discovery,2.9172509,4.1840313,4.6656064,3.3846082,3.0711067,3.6321618,3.5935098,2.8075676,2.7620329,4.2975845,2.2503522,2.7983786,3.4181081,4.5614217,2.5589872,2.7120982,4.1640693,3.6592001,6.5797091,8.3054734,2.8145248,3.9451937,3.1709867,5.0958115,6.2618009,2.8732921,8.7023131,10.899307,3.7588617,3.1161283,3.420821,3.5132362,3.2309037,4.3494717,2.1878467,2.1914021,6.0305836,6.8290135,5.0938773,4.8965556,4.1995234,2.3462547,4.0798268,2.7322029,6.0187867,5.2492484,2.6299255,6.8419826
GSM1692488,0,validation,2.4997438,3.6951923,3.9701612,2.8990902,2.9313234,3.8690059,3.3920825,3.4680037,2.9524008,4.4083288,2.4707641,2.5461796,2.7037801,3.9850893,2.9701229,2.5430279,3.276766,3.1898395,6.5601797,7.7931217,2.2255565,4.0603882,2.7753746,4.3736953,5.5536146,3.1008646,8.4582035,11.337197,2.7791984,2.5604753,3.2012286,2.9140975,2.7974814,3.2232495,2.3656108,2.7357744,5.6045993,7.2660003,5.9182942,5.1499472,4.6580474,2.6829605,3.187278,4.4359808,6.3128719,4.5979789,2.6392476,6.3215811
GSM1692489,0,validation,3.0941342,3.4164556,4.0935215,3.546622,3.5356144,3.6509602,3.3135995,2.8832955,2.7293474,4.7677882,2.0508404,2.8067119,2.4232104,4.3222637,2.0480269,2.7310967,3.5594843,3.5097649,5.974154,7.9980806,2.2624361,4.4015827,2.7995963,4.2292511,6.0203732,3.5685738,8.5769289,11.690347,2.7267548,2.6034765,2.5406686,2.7910893,3.0484849,3.804026,2.2558564,2.5698778,5.3430389,6.5008334,4.897524,4.2515071,3.7925808,3.1996251,2.7996189,2.6191456,6.4751307,4.5477594,2.8131943,7.3481465
GSM1692491,0,validation,3.0948946,3.0732172,3.9745465,2.5452387,2.9317632,4.4233659,3.1732345,3.20951,3.0077999,4.742322,2.2719759,2.5149505,2.5142702,3.9327106,2.4005294,2.4687771,2.9925258,3.1269178,6.3178717,8.588934,2.3748834,3.9197239,2.9577703,4.1236241,5.6617226,2.6483318,8.5813262,11.554453,2.912084,2.5321726,2.7067848,2.6620792,2.6957372,2.9349116,2.8878438,2.6722642,5.3524709,6.2679971,5.0523706,5.1382898,4.1451021,2.4628772,3.7965062,3.6405376,5.9897899,3.9717333,2.8871374,7.2943354
GSM1692492,0,validation,2.8093107,4.5527798,4.1103428,2.9962505,3.1517746,3.3922231,3.5154882,4.3367159,2.2580839,4.4030154,2.0691976,2.9735835,2.8368894,4.3826593,2.3394542,2.1806856,3.4217057,3.0299657,6.1902743,7.6646282,2.3593193,4.6706317,2.4866369,3.9365189,5.7039232,2.5508156,9.3330102,11.269093,2.9777788,2.5533832,2.8185278,3.0921904,2.8271625,3.0751874,2.7202181,2.4591767,4.2461025,6.5692901,5.106949,4.6686211,3.5422161,2.4239006,3.4096267,4.0941192,7.0676504,4.3725015,2.4282624,7.5478124
GSM1692493,0,validation,2.4932896,3.7541435,3.5750759,2.9335838,2.9855847,3.8538883,3.6088862,3.089441,2.263131,4.468443,2.9202224,2.8845384,2.4243356,3.3680866,2.1569503,2.0159401,3.1318391,3.1452965,6.2395443,7.9659715,2.3861953,3.881952,2.8652241,3.827412,4.8905083,3.0359115,8.8262128,11.348432,2.6717099,2.5838264,2.9395345,3.0602553,2.4427313,3.1254529,2.7445275,2.2415161,6.2645059,6.3278385,5.1892352,6.8440245,4.5235825,2.0103995,4.9094073,3.1498688,6.5792623,4.3811683,2.5558966,6.6424407
GSM1692494,0,discovery,2.4609323,4.222265,4.2639215,3.2180018,2.8753542,2.9426701,3.6874029,3.1556848,2.5202243,4.8130981,2.3728088,2.828624,3.1729989,4.1298056,2.695462,2.7661524,3.5773216,3.4539831,6.3738612,7.8750546,2.1123398,4.3070225,3.1825293,4.0056576,5.8443571,3.1176006,9.3562725,11.33629,3.5527134,2.8203361,3.5664434,3.0128092,2.6721607,3.5158952,2.6978427,1.988578,4.9108535,6.4222083,4.9424414,4.1955964,3.2130979,2.5898115,3.3446385,3.5421221,5.7134543,4.3792494,2.1268256,7.0206165
GSM1692498,0,validation,3.2422154,4.0451521,5.0395265,3.3576783,3.535797,3.0031694,3.8884849,4.0623747,2.6713231,4.5257461,2.331345,3.2750328,3.156549,5.0126386,2.6831195,2.3474657,4.4950218,3.613242,6.4550038,6.7347213,2.3594207,4.5483647,3.0910412,4.5412452,6.0948616,3.1712406,9.3531491,10.72906,4.2021248,2.9228211,3.4476639,3.7035051,3.3575601,4.6992571,2.4046825,2.2929742,4.7703686,6.9414942,4.5961135,4.6384133,4.3389568,3.0757704,2.679252,3.4208988,6.942588,5.2868396,2.5255914,5.7612566
GSM1692499,0,discovery,2.5231402,3.5998189,3.4713212,2.5320373,3.0112045,3.9425702,3.1843524,2.596625,2.6307203,3.912199,2.0969717,2.5078383,2.4629186,2.5836808,2.3925366,2.2190645,2.5827601,2.7606301,5.9119411,8.7618038,2.0116801,3.9848532,2.8716403,3.894093,5.6935818,2.8223118,7.7579199,11.525007,2.5769772,2.3978878,2.9923614,2.3752906,2.2939248,3.2133788,2.2531933,2.4013416,5.498712,6.2392315,5.0286339,5.3131153,4.3692396,2.1631268,5.6356877,3.3097764,5.4018011,3.882573,2.4475194,8.0054396
GSM1692501,0,discovery,2.4265626,3.7151988,3.9232072,2.7327616,2.8758604,3.5387621,3.3368008,3.4459903,2.8025951,4.299409,2.1738995,2.4895892,3.0864022,4.2619639,2.5531787,2.4897859,3.3471851,3.0959197,6.3594421,7.9630403,2.0293537,4.2207699,3.0125674,4.0205203,5.7824849,3.1276046,8.1636242,11.279296,3.0589793,2.9464764,3.1150405,2.8143302,2.399854,3.6432746,2.5568864,2.3671504,5.9695461,6.479974,4.6030371,4.546389,3.7408955,2.2024076,4.588451,3.1186202,5.3655541,4.3177377,2.2202381,6.9514427
